{"(4, 4)":{"0":[0.0005,0.96998],"1":[0.001,0.95898],"2":[0.0015,0.9465],"3":[0.002,0.93336],"4":[0.0025,0.91086],"5":[0.003,0.89016],"6":[0.0035,0.86812]},"(6, 6)":{"0":[0.0005,0.99226],"1":[0.001,0.98402],"2":[0.0015,0.97238],"3":[0.002,0.95282],"4":[0.0025,0.92804],"5":[0.003,0.89374],"6":[0.0035,0.85508]},"(8, 8)":{"0":[0.0005,0.99742],"1":[0.001,0.99264],"2":[0.0015,0.98364],"3":[0.002,0.9643],"4":[0.0025,0.9339],"5":[0.003,0.89134],"6":[0.0035,0.83154]},"(10, 10)":{"0":[0.0005,0.99896],"1":[0.001,0.99642],"2":[0.0015,0.99004],"3":[0.002,0.97172],"4":[0.0025,0.94208],"5":[0.003,0.88456],"6":[0.0035,0.80672]},"(12, 12)":{"0":[0.0005,0.99958],"1":[0.001,0.99846],"2":[0.0015,0.99416],"3":[0.002,0.98058],"4":[0.0025,0.94794],"5":[0.003,0.8816],"6":[0.0035,0.7766]}}