{
  "coherence_times": [
    10,
    50,
    100,
    250,
    500,
    1000,
    2500,
    5000,
    10000,
    25000,
    50000,
    100000
  ],
  "raw_state_p": [
    0.19386221323297953,
    0.19386221323297953,
    0.19386221323297953,
    0.19386221323297953,
    0.19386221323297953,
    0.19386221323297953,
    0.19386221323297953,
    0.19386221323297953,
    0.19386221323297953,
    0.19386221323297953,
    0.19386221323297953,
    0.19386221323297953
  ],
  "raw_state_inf": [
    0.6225560784356567,
    0.6225560784356567,
    0.6225560784356567,
    0.6225560784356567,
    0.6225560784356567,
    0.6225560784356567,
    0.6225560784356567,
    0.6225560784356567,
    0.6225560784356567,
    0.6225560784356567,
    0.6225560784356567,
    0.6225560784356567
  ],
  "dc_state_p": [
    0.0017068909160472075,
    0.0017068909160472075,
    0.0017068909160472075,
    0.0017068909160472075,
    0.0017068909160472075,
    0.0017068909160472075,
    0.0017068909160472075,
    0.0017068909160472075,
    0.0017068909160472075,
    0.0017068909160472075,
    0.0017068909160472075,
    0.0017068909160472075
  ],
  "dc_state_inf": [
    0.06560380743606986,
    0.06560380743606986,
    0.06560380743606986,
    0.06560380743606986,
    0.06560380743606986,
    0.06560380743606986,
    0.06560380743606986,
    0.06560380743606986,
    0.06560380743606986,
    0.06560380743606986,
    0.06560380743606986,
    0.06560380743606986
  ],
  "basic_state_p": [
    0.11899439881437161,
    0.11899443585506249,
    0.11899439956182803,
    0.11899463796849812,
    0.11899420060262865,
    0.11899426419977238,
    0.11899455138446488,
    0.1189944440810526,
    0.1189945085986643,
    0.11899446855342698,
    0.1189946768997459,
    0.11899463321183705
  ],
  "basic_state_inf": [
    0.7049244269503796,
    0.7047726361597829,
    0.7047536603173574,
    0.7047422357911705,
    0.7047385061958877,
    0.7047365623629392,
    0.7047354840651961,
    0.7047350131594359,
    0.7047348464576199,
    0.7047347812313975,
    0.7047346660780827,
    0.704734657664279
  ],
  "w_state_p": [
    0.14649803214380386,
    0.14649728608398543,
    0.1464973663749481,
    0.146497383104319,
    0.1464969135549556,
    0.14649719272007128,
    0.146497774516501,
    0.1464973578933908,
    0.14649759404131676,
    0.14649770346676266,
    0.14649803641797446,
    0.14649783175866476
  ],
  "w_state_inf": [
    0.583241830655484,
    0.5830660973372626,
    0.5830440622494781,
    0.5830308568823723,
    0.5830264465850226,
    0.5830241778755855,
    0.5830228760393492,
    0.5830224173400356,
    0.5830221719914195,
    0.5830221353660087,
    0.5830220289713263,
    0.58302205076233
  ],
  "bell_sc_distilled_state_p": [
    0.13564726126967522,
    0.13564705842658528,
    0.13564701895628656,
    0.13564703368902023,
    0.13564693035059797,
    0.1356468222119121,
    0.13564715460956503,
    0.13564685691149989,
    0.13564698788654675,
    0.1356470318862994,
    0.13564734733787773,
    0.13564723083255242
  ],
  "bell_sc_distilled_state_inf": [
    0.6819709900831019,
    0.6818288513099343,
    0.681810935793969,
    0.6818002484543708,
    0.6817967697712853,
    0.6817950100010157,
    0.6817938590730046,
    0.6817935818928507,
    0.6817933604454021,
    0.6817932704502201,
    0.6817932006013339,
    0.6817931897985285
  ],
  "bell_dc_distilled_state_p": [
    0.06165920191421675,
    0.06165910641804125,
    0.0616591495697486,
    0.061659147668672594,
    0.061659141470781484,
    0.061658993749355004,
    0.06165918135037528,
    0.06165906931539695,
    0.06165918908303431,
    0.06165920056382859,
    0.06165932709406462,
    0.06165926547040662
  ],
  "bell_dc_distilled_state_inf": [
    0.8428628943097346,
    0.8428544378409109,
    0.8428532809450895,
    0.8428525771134062,
    0.8428523565667818,
    0.8428522318284444,
    0.8428521708140119,
    0.8428521432693437,
    0.8428521501703343,
    0.8428521163183647,
    0.8428520998197122,
    0.8428521102602924
  ],
  "pnr_raw_state_p": [
    0.13382495551394682,
    0.13382495551394682,
    0.13382495551394682,
    0.13382495551394682,
    0.13382495551394682,
    0.13382495551394682,
    0.13382495551394682,
    0.13382495551394682,
    0.13382495551394682,
    0.13382495551394682,
    0.13382495551394682,
    0.13382495551394682
  ],
  "pnr_raw_state_inf": [
    0.5457173612240377,
    0.5457173612240377,
    0.5457173612240377,
    0.5457173612240377,
    0.5457173612240377,
    0.5457173612240377,
    0.5457173612240377,
    0.5457173612240377,
    0.5457173612240377,
    0.5457173612240377,
    0.5457173612240377,
    0.5457173612240377
  ],
  "pnr_dc_state_p": [
    0.0017068909160472075,
    0.0017068909160472075,
    0.0017068909160472075,
    0.0017068909160472075,
    0.0017068909160472075,
    0.0017068909160472075,
    0.0017068909160472075,
    0.0017068909160472075,
    0.0017068909160472075,
    0.0017068909160472075,
    0.0017068909160472075,
    0.0017068909160472075
  ],
  "pnr_dc_state_inf": [
    0.06560380743606986,
    0.06560380743606986,
    0.06560380743606986,
    0.06560380743606986,
    0.06560380743606986,
    0.06560380743606986,
    0.06560380743606986,
    0.06560380743606986,
    0.06560380743606986,
    0.06560380743606986,
    0.06560380743606986,
    0.06560380743606986
  ],
  "pnr_basic_state_p": [
    0.08619981095933066,
    0.08619980485350998,
    0.0861997144445311,
    0.08620005239942659,
    0.08619977067358621,
    0.0861997537982183,
    0.0861997590419362,
    0.08619970091665635,
    0.08619973927234559,
    0.08619977111424203,
    0.08620005419071962,
    0.08619989582097777
  ],
  "pnr_basic_state_inf": [
    0.5351958832214612,
    0.5349018408409567,
    0.5348651049393487,
    0.5348429579897473,
    0.5348356556015013,
    0.5348319633366554,
    0.5348297641027513,
    0.5348289597896974,
    0.5348286434413518,
    0.5348284094037115,
    0.5348282947291667,
    0.5348282754875027
  ],
  "pnr_w_state_p": [
    0.08661181024181726,
    0.08661170072288753,
    0.08661169230656693,
    0.08661174917084616,
    0.0866116741838464,
    0.08661170282387749,
    0.0866118968823578,
    0.08661160571837441,
    0.08661176017271506,
    0.08661182935130819,
    0.08661209634843685,
    0.08661200252591816
  ],
  "pnr_w_state_inf": [
    0.5317662818178956,
    0.5315450169765171,
    0.5315172451781712,
    0.5315006526764486,
    0.5314952132503956,
    0.5314924009794303,
    0.5314907529208591,
    0.5314902554444597,
    0.5314898999318944,
    0.5314897363819757,
    0.5314896568622003,
    0.5314896239321927
  ],
  "pnr_bell_sc_distilled_state_p": [
    0.12312123822594051,
    0.1231210380779548,
    0.123121082669055,
    0.12312111954300799,
    0.12312097284427584,
    0.12312083331228706,
    0.12312119705843241,
    0.1231208714125388,
    0.1231210164408154,
    0.12312102907606792,
    0.12312134806875834,
    0.12312123785953763
  ],
  "pnr_bell_sc_distilled_state_inf": [
    0.704769844800673,
    0.7047009916449816,
    0.7046922071275253,
    0.7046870333849085,
    0.7046854056120777,
    0.7046845528856623,
    0.7046839555458009,
    0.7046838639125503,
    0.7046837152633957,
    0.7046836842655791,
    0.704683658542479,
    0.7046836529176772
  ],
  "pnr_bell_dc_distilled_state_p": [
    0.058090033549484145,
    0.058089890724003314,
    0.05808999685227263,
    0.05808996164102852,
    0.05808996097684098,
    0.05808979507308779,
    0.05809002602782176,
    0.058089873270268155,
    0.05808999812008654,
    0.058090004695085073,
    0.058090111863038765,
    0.058090051147015265
  ],
  "pnr_bell_dc_distilled_state_inf": [
    0.6469334585732249,
    0.6467044379367259,
    0.646675710859948,
    0.6466584875547452,
    0.6466527302890575,
    0.6466498338801157,
    0.6466481676345899,
    0.6466475370974714,
    0.6466473049207215,
    0.6466470951469327,
    0.6466469983245663,
    0.6466469923147807
  ]
}