{
  "coherence_times": [
    10,
    50,
    100,
    250,
    500,
    1000,
    2500,
    5000,
    10000,
    25000,
    50000,
    100000
  ],
  "raw_state_p": [
    0.19386221323297953,
    0.19386221323297953,
    0.19386221323297953,
    0.19386221323297953,
    0.19386221323297953,
    0.19386221323297953,
    0.19386221323297953,
    0.19386221323297953,
    0.19386221323297953,
    0.19386221323297953,
    0.19386221323297953,
    0.19386221323297953
  ],
  "raw_state_inf": [
    0.6225560784356567,
    0.6225560784356567,
    0.6225560784356567,
    0.6225560784356567,
    0.6225560784356567,
    0.6225560784356567,
    0.6225560784356567,
    0.6225560784356567,
    0.6225560784356567,
    0.6225560784356567,
    0.6225560784356567,
    0.6225560784356567
  ],
  "dc_state_p": [
    0.0017068909160472075,
    0.0017068909160472075,
    0.0017068909160472075,
    0.0017068909160472075,
    0.0017068909160472075,
    0.0017068909160472075,
    0.0017068909160472075,
    0.0017068909160472075,
    0.0017068909160472075,
    0.0017068909160472075,
    0.0017068909160472075,
    0.0017068909160472075
  ],
  "dc_state_inf": [
    0.06560380743606986,
    0.06560380743606986,
    0.06560380743606986,
    0.06560380743606986,
    0.06560380743606986,
    0.06560380743606986,
    0.06560380743606986,
    0.06560380743606986,
    0.06560380743606986,
    0.06560380743606986,
    0.06560380743606986,
    0.06560380743606986
  ],
  "basic_state_p": [
    0.1035005604090795,
    0.10350062692435973,
    0.10350055754622386,
    0.10350075193021935,
    0.10350041112245877,
    0.10350046853142822,
    0.10350066487866971,
    0.10350060705710114,
    0.10350067077397535,
    0.1035006263554705,
    0.10350081107621216,
    0.10350077465285304
  ],
  "basic_state_inf": [
    0.7291732781731926,
    0.7290479084236003,
    0.7290322302423147,
    0.7290227917795382,
    0.7290197122328714,
    0.7290181056655627,
    0.7290172134141896,
    0.7290168103894754,
    0.7290166780372589,
    0.7290166327422976,
    0.7290165277133207,
    0.7290165271372466
  ],
  "w_state_p": [
    0.13075203469503233,
    0.1307515517861984,
    0.13075155792343843,
    0.13075166854092163,
    0.13075124834653404,
    0.13075147459238987,
    0.13075189960927436,
    0.13075158092815609,
    0.13075177451012424,
    0.1307518610484271,
    0.1307521578423945,
    0.13075197208181807
  ],
  "w_state_inf": [
    0.5832422827789958,
    0.5830661760773068,
    0.5830441154658509,
    0.583030870719597,
    0.5830264631377866,
    0.5830241972289445,
    0.583022873119063,
    0.5830224186107962,
    0.5830221745498679,
    0.5830221382881421,
    0.5830220275166269,
    0.5830220582798296
  ],
  "bell_sc_distilled_state_p": [
    0.12287158416049597,
    0.12287013286408853,
    0.1228701168521829,
    0.12288936869996216,
    0.1228892452440651,
    0.12288911501170198,
    0.1228894551837809,
    0.12288915141468924,
    0.12288927648575922,
    0.12288930221378667,
    0.1228896116636884,
    0.12288949862591204
  ],
  "bell_sc_distilled_state_inf": [
    0.6964300471802063,
    0.6966929248645172,
    0.696680890551324,
    0.6970330044970844,
    0.697030721796297,
    0.6970295602786751,
    0.6970287696438231,
    0.6970286120116745,
    0.6970284406973962,
    0.6970283907785206,
    0.6970283458203728,
    0.6970283431238001
  ],
  "bell_dc_distilled_state_p": [
    0.059220628513220436,
    0.059183402553377694,
    0.059183462662663326,
    0.05918346334620747,
    0.05918345836488529,
    0.05918330664381589,
    0.05918350724482154,
    0.059183388923243034,
    0.059183499898160866,
    0.05918349962344869,
    0.05918362693661971,
    0.059183572655843196
  ],
  "bell_dc_distilled_state_inf": [
    0.726384011996059,
    0.7271771759454214,
    0.7271597739373816,
    0.7271493153855518,
    0.727145856544914,
    0.7271440951984718,
    0.7271430745869082,
    0.72714270442085,
    0.7271425681678853,
    0.7271424233682175,
    0.7271423619789481,
    0.727142362221409
  ],
  "pnr_raw_state_p": [
    0.13382495551394682,
    0.13382495551394682,
    0.13382495551394682,
    0.13382495551394682,
    0.13382495551394682,
    0.13382495551394682,
    0.13382495551394682,
    0.13382495551394682,
    0.13382495551394682,
    0.13382495551394682,
    0.13382495551394682,
    0.13382495551394682
  ],
  "pnr_raw_state_inf": [
    0.5457173612240377,
    0.5457173612240377,
    0.5457173612240377,
    0.5457173612240377,
    0.5457173612240377,
    0.5457173612240377,
    0.5457173612240377,
    0.5457173612240377,
    0.5457173612240377,
    0.5457173612240377,
    0.5457173612240377,
    0.5457173612240377
  ],
  "pnr_dc_state_p": [
    0.0017068909160472075,
    0.0017068909160472075,
    0.0017068909160472075,
    0.0017068909160472075,
    0.0017068909160472075,
    0.0017068909160472075,
    0.0017068909160472075,
    0.0017068909160472075,
    0.0017068909160472075,
    0.0017068909160472075,
    0.0017068909160472075,
    0.0017068909160472075
  ],
  "pnr_dc_state_inf": [
    0.06560380743606986,
    0.06560380743606986,
    0.06560380743606986,
    0.06560380743606986,
    0.06560380743606986,
    0.06560380743606986,
    0.06560380743606986,
    0.06560380743606986,
    0.06560380743606986,
    0.06560380743606986,
    0.06560380743606986,
    0.06560380743606986
  ],
  "pnr_basic_state_p": [
    0.07971638454626463,
    0.07971632665090651,
    0.07971627284570697,
    0.0797164952399682,
    0.07971629588652725,
    0.07971630438180172,
    0.07971630348608068,
    0.07971623931698904,
    0.07971629690605886,
    0.07971633020980012,
    0.07971659773697551,
    0.0797164436474226
  ],
  "pnr_basic_state_inf": [
    0.5517770098811612,
    0.5514984287288542,
    0.5514635882781467,
    0.5514426318423391,
    0.5514356947920965,
    0.551432200541423,
    0.5514301136679878,
    0.5514293445872137,
    0.5514290554704784,
    0.5514288413508595,
    0.5514287168650582,
    0.5514287151435149
  ],
  "pnr_w_state_p": [
    0.10800685511053602,
    0.1080067226029221,
    0.10800668986040389,
    0.10800679499444554,
    0.10800666441024201,
    0.10800669469741576,
    0.10800691153929154,
    0.10800658610714034,
    0.10800677965912445,
    0.10800691166715876,
    0.10800722840059179,
    0.10800707389496726
  ],
  "pnr_w_state_inf": [
    0.5317666115133162,
    0.5315450939109627,
    0.5315172823071865,
    0.5315006980610335,
    0.5314952165322284,
    0.5314923936630809,
    0.5314907647577365,
    0.5314902581388522,
    0.531489905068514,
    0.531489746680543,
    0.5314896550891506,
    0.5314896205034774
  ],
  "pnr_bell_sc_distilled_state_p": [
    0.12227173704912961,
    0.12222685404524215,
    0.12222685134605113,
    0.12217677008438936,
    0.12217663942727297,
    0.12217651391154458,
    0.12217685000560759,
    0.12217654828716101,
    0.12217667220528076,
    0.1221766953480218,
    0.12217700613748081,
    0.122176893407321
  ],
  "pnr_bell_sc_distilled_state_inf": [
    0.7067457461529676,
    0.7065816452947402,
    0.7065712630149616,
    0.7066358902100849,
    0.706633917000653,
    0.7066329135534641,
    0.7066322200532837,
    0.7066320888649241,
    0.7066319366234519,
    0.7066318947511764,
    0.7066318552210384,
    0.7066318538440768
  ],
  "pnr_bell_dc_distilled_state_p": [
    0.058744664108819886,
    0.05874453153378659,
    0.05874459374407254,
    0.05874459755625162,
    0.05874459264966101,
    0.05874444099754381,
    0.05874463963406321,
    0.058744520792240754,
    0.05874463058541124,
    0.05874463028894338,
    0.058744758944716695,
    0.05874470378181188
  ],
  "pnr_bell_dc_distilled_state_inf": [
    0.7260353684015677,
    0.7258948913321273,
    0.7258772323353548,
    0.7258666196953945,
    0.7258631039768818,
    0.7258613166679039,
    0.725860282142482,
    0.7258599051721575,
    0.7258597671073825,
    0.7258596217534756,
    0.7258595605651611,
    0.7258595580114424
  ]
}