{
  "coherence_times": [
    0.1,
    1.0,
    10.0,
    50.0,
    100.0,
    250.0,
    500.0,
    1000.0,
    2500.0,
    5000.0,
    10000.0,
    25000.0,
    50000.0,
    100000.0
  ],
  "raw_state_p": [
    0.001540796087300688,
    0.001540796087300688,
    0.001540796087300688,
    0.001540796087300688,
    0.001540796087300688,
    0.001540796087300688,
    0.001540796087300688,
    0.001540796087300688,
    0.001540796087300688,
    0.001540796087300688,
    0.001540796087300688,
    0.001540796087300688,
    0.001540796087300688,
    0.001540796087300688
  ],
  "raw_state_inf": [
    0.11606803668413468,
    0.11606803668413468,
    0.11606803668413468,
    0.11606803668413468,
    0.11606803668413468,
    0.11606803668413468,
    0.11606803668413468,
    0.11606803668413468,
    0.11606803668413468,
    0.11606803668413468,
    0.11606803668413468,
    0.11606803668413468,
    0.11606803668413468,
    0.11606803668413468
  ],
  "dc_state_p": [
    0.0017068909160472075,
    0.0017068909160472075,
    0.0017068909160472075,
    0.0017068909160472075,
    0.0017068909160472075,
    0.0017068909160472075,
    0.0017068909160472075,
    0.0017068909160472075,
    0.0017068909160472075,
    0.0017068909160472075,
    0.0017068909160472075,
    0.0017068909160472075,
    0.0017068909160472075,
    0.0017068909160472075
  ],
  "dc_state_inf": [
    0.06560380743606986,
    0.06560380743606986,
    0.06560380743606986,
    0.06560380743606986,
    0.06560380743606986,
    0.06560380743606986,
    0.06560380743606986,
    0.06560380743606986,
    0.06560380743606986,
    0.06560380743606986,
    0.06560380743606986,
    0.06560380743606986,
    0.06560380743606986,
    0.06560380743606986
  ],
  "basic_state_p": [
    0.0015169107275079415,
    0.001456677187693121,
    0.0014497385151003319,
    0.001450394445350166,
    0.0014503951524022895,
    0.001450397448760456,
    0.001450396316559724,
    0.00145039518162055,
    0.0014503980762745857,
    0.0014503960214917364,
    0.0014503979052373165,
    0.0014503969642407476,
    0.0014503987132111925,
    0.0014503987054078234
  ],
  "basic_state_inf": [
    0.21338987704921808,
    0.08777811420741599,
    0.07200042116480221,
    0.07055888957293166,
    0.0703781678664962,
    0.0702695572621802,
    0.07023373103049324,
    0.07021560745763866,
    0.07020477696488325,
    0.0702010383508288,
    0.07019935614295758,
    0.07019820363298257,
    0.0701977077957543,
    0.07019757650086356
  ],
  "w_state_p": [
    0.005654255685823417,
    0.0056038332777018345,
    0.005608952798391047,
    0.005639918355281794,
    0.005639911264154511,
    0.005639923178654587,
    0.005639907527847099,
    0.005639922123109386,
    0.005639927787672596,
    0.005639910127413696,
    0.005639922539170299,
    0.005639937862969482,
    0.005639950761504145,
    0.0056399421166945215
  ],
  "w_state_inf": [
    0.1769158954018526,
    0.08967782355786258,
    0.08019953468239671,
    0.07934980940828118,
    0.07924362112102457,
    0.07917962014724833,
    0.0791584604115323,
    0.07914774645562783,
    0.07914131301905192,
    0.07913935973617481,
    0.07913797796823063,
    0.07913758400683446,
    0.07913718626003441,
    0.07913710292349008
  ],
  "bell_sc_distilled_state_p": [
    0.004082153750804161,
    0.0040536821685708746,
    0.004058562974293078,
    0.0040573058229561206,
    0.004057304619201747,
    0.0040573037758593455,
    0.0040573070254029675,
    0.004057299359028525,
    0.004057301621960901,
    0.004057307750483132,
    0.0040573014083167425,
    0.004057310259717999,
    0.004057319043237307,
    0.004057312719778068
  ],
  "bell_sc_distilled_state_inf": [
    0.2002350265455176,
    0.13435273712996987,
    0.1277954292358755,
    0.12760398898912229,
    0.12753854216594462,
    0.12749917401550248,
    0.1274863289972239,
    0.12747977239957065,
    0.12747577441797486,
    0.12747471153916234,
    0.12747383423394154,
    0.12747351620848046,
    0.12747324930836168,
    0.12747316607588977
  ],
  "bell_dc_distilled_state_p": [
    0.005314671763526617,
    0.005280981174382407,
    0.005277891269166582,
    0.0052760844196287635,
    0.00527609355280132,
    0.005276097756530018,
    0.005276092413892235,
    0.005276087716494845,
    0.005276085420311784,
    0.005276088220147063,
    0.005276084545708566,
    0.005276094689897727,
    0.005276106368913658,
    0.00527609921145745
  ],
  "bell_dc_distilled_state_inf": [
    0.21629956689077812,
    0.16383124334090604,
    0.15786030019653408,
    0.15739869837620368,
    0.15734316559586758,
    0.15730985553651688,
    0.15729884214964795,
    0.15729325400937566,
    0.15728988441441072,
    0.15728914277112926,
    0.1572883693579894,
    0.15728808694741603,
    0.15728778477095873,
    0.15728772221924037
  ],
  "pnr_raw_state_p": [
    0.001504784249654959,
    0.001504784249654959,
    0.001504784249654959,
    0.001504784249654959,
    0.001504784249654959,
    0.001504784249654959,
    0.001504784249654959,
    0.001504784249654959,
    0.001504784249654959,
    0.001504784249654959,
    0.001504784249654959,
    0.001504784249654959,
    0.001504784249654959,
    0.001504784249654959
  ],
  "pnr_raw_state_inf": [
    0.10555459319277882,
    0.10555459319277882,
    0.10555459319277882,
    0.10555459319277882,
    0.10555459319277882,
    0.10555459319277882,
    0.10555459319277882,
    0.10555459319277882,
    0.10555459319277882,
    0.10555459319277882,
    0.10555459319277882,
    0.10555459319277882,
    0.10555459319277882,
    0.10555459319277882
  ],
  "pnr_dc_state_p": [
    0.0017068909160472075,
    0.0017068909160472075,
    0.0017068909160472075,
    0.0017068909160472075,
    0.0017068909160472075,
    0.0017068909160472075,
    0.0017068909160472075,
    0.0017068909160472075,
    0.0017068909160472075,
    0.0017068909160472075,
    0.0017068909160472075,
    0.0017068909160472075,
    0.0017068909160472075,
    0.0017068909160472075
  ],
  "pnr_dc_state_inf": [
    0.06560380743606986,
    0.06560380743606986,
    0.06560380743606986,
    0.06560380743606986,
    0.06560380743606986,
    0.06560380743606986,
    0.06560380743606986,
    0.06560380743606986,
    0.06560380743606986,
    0.06560380743606986,
    0.06560380743606986,
    0.06560380743606986,
    0.06560380743606986,
    0.06560380743606986
  ],
  "pnr_basic_state_p": [
    0.0014893782946917478,
    0.001438675916096674,
    0.0014298835677725224,
    0.0014286620814469668,
    0.0014286620131721028,
    0.0014286654412173545,
    0.00142866033302528,
    0.0014286590878801475,
    0.0014286613341889893,
    0.0014286622931252452,
    0.0014286631223432258,
    0.0014286622911237115,
    0.001428664422834859,
    0.0014286648652974566
  ],
  "pnr_basic_state_inf": [
    0.21164969576584514,
    0.08715905923751388,
    0.07146647141406215,
    0.07003080861016442,
    0.06985101273002647,
    0.06974274725268992,
    0.0697069141996417,
    0.06968872803327264,
    0.06967801490158243,
    0.06967434396690853,
    0.0696726068445852,
    0.06967151375635094,
    0.06967107316198673,
    0.06967095912560883
  ],
  "pnr_w_state_p": [
    0.0053577545069125486,
    0.00530395342776719,
    0.005309662067438955,
    0.005308052295607521,
    0.00530804610663399,
    0.005308052447240968,
    0.005308047710033433,
    0.005308049229847041,
    0.005308056516959467,
    0.005308042933000918,
    0.005308052405900619,
    0.0053080612988445795,
    0.005308075696691365,
    0.005308064230544763
  ],
  "pnr_w_state_inf": [
    0.17389677377131962,
    0.08635251990369275,
    0.07683645841278652,
    0.07598362770048539,
    0.07587704060414369,
    0.07581282521778099,
    0.07579149652579875,
    0.07578086871114198,
    0.07577437855615587,
    0.07577232172165982,
    0.07577103588961509,
    0.07577045748658029,
    0.07577016153127103,
    0.07577006909449568
  ],