{
  "coherence_times": [
    10,
    50,
    100,
    250,
    500,
    1000,
    2500,
    5000,
    10000,
    25000,
    50000,
    100000
  ],
  "raw_state_p": [
    0.001540796087300688,
    0.001540796087300688,
    0.001540796087300688,
    0.001540796087300688,
    0.001540796087300688,
    0.001540796087300688,
    0.001540796087300688,
    0.001540796087300688,
    0.001540796087300688,
    0.001540796087300688,
    0.001540796087300688,
    0.001540796087300688
  ],
  "raw_state_inf": [
    0.11606803668413468,
    0.11606803668413468,
    0.11606803668413468,
    0.11606803668413468,
    0.11606803668413468,
    0.11606803668413468,
    0.11606803668413468,
    0.11606803668413468,
    0.11606803668413468,
    0.11606803668413468,
    0.11606803668413468,
    0.11606803668413468
  ],
  "dc_state_p": [
    0.0017068909160472075,
    0.0017068909160472075,
    0.0017068909160472075,
    0.0017068909160472075,
    0.0017068909160472075,
    0.0017068909160472075,
    0.0017068909160472075,
    0.0017068909160472075,
    0.0017068909160472075,
    0.0017068909160472075,
    0.0017068909160472075,
    0.0017068909160472075
  ],
  "dc_state_inf": [
    0.06560380743606986,
    0.06560380743606986,
    0.06560380743606986,
    0.06560380743606986,
    0.06560380743606986,
    0.06560380743606986,
    0.06560380743606986,
    0.06560380743606986,
    0.06560380743606986,
    0.06560380743606986,
    0.06560380743606986,
    0.06560380743606986
  ],
  "basic_state_p": [
    0.001521400924482248,
    0.0015203656508217139,
    0.0015199824121834818,
    0.0015197353892675016,
    0.0015197342236632507,
    0.001519732957642798,
    0.0015197360168680645,
    0.0015197338358988663,
    0.0015197357329981244,
    0.0015197348768992182,
    0.0015197366728089293,
    0.001519736682684845
  ],
  "basic_state_inf": [
    0.07200494774970512,
    0.07055987439672362,
    0.07037928389391435,
    0.07027006368871713,
    0.07023411430302229,
    0.07021593276103355,
    0.07020506651618552,
    0.07020131713851174,
    0.07019962682247549,
    0.07019847201228213,
    0.07019797252328874,
    0.0701978420475865
  ],
  "w_state_p": [
    0.005157645602713182,
    0.005156746137272182,
    0.005156740954945177,
    0.005156751746083826,
    0.005156736588318697,
    0.005156749993374751,
    0.005156755848285095,
    0.0051567394619077495,
    0.005156750972289536,
    0.005156764486266279,
    0.005156776147139168,
    0.005156767844836465
  ],
  "w_state_inf": [
    0.0802006707338907,
    0.07935004740972085,
    0.07924373452664657,
    0.07917966607331839,
    0.07915848121494129,
    0.07914775785872508,
    0.0791413175752167,
    0.079139360864794,
    0.0791379776381842,
    0.07913758355166789,
    0.07913718655221569,
    0.07913710280702102
  ],
  "bell_sc_distilled_state_p": [
    0.004093826885066742,
    0.004092729698194344,
    0.004092728636104741,
    0.004092728062727387,
    0.0040927314945654195,
    0.004092723328800726,
    0.004092726012364907,
    0.00409273216591679,
    0.004092725779926749,
    0.004092734539548025,
    0.0040927434735065675,
    0.004092737019767759
  ],
  "bell_sc_distilled_state_inf": [
    0.1305532207763903,
    0.13001438804256404,
    0.12994919765595403,
    0.12990998844988821,
    0.12989719562817437,
    0.1298906639871672,
    0.1298866809475292,
    0.12988562195664155,
    0.12988474838398611,
    0.12988443182571785,
    0.12988416546482617,
    0.1298840822832733
  ],
  "bell_dc_distilled_state_p": [
    0.005166544770918003,
    0.005166528919560928,
    0.005166536888676839,
    0.005166541833180304,
    0.0051665367388859474,
    0.005166531604872378,
    0.005166529849383637,
    0.005166532134822758,
    0.005166528548821624,
    0.00516653852654905,
    0.00516654998168039,
    0.005166543091211633
  ],
  "bell_dc_distilled_state_inf": [
    0.16183237997655298,
    0.1610065503886482,
    0.16095140095071658,
    0.16091832113715876,
    0.16090738553838135,
    0.16090183724928908,
    0.16089848872753365,
    0.1608977557579535,
    0.16089698699728994,
    0.1608967073350699,
    0.16089640751111478,
    0.16089634499554184
  ],
  "pnr_raw_state_p": [
    0.001504784249654959,
    0.001504784249654959,
    0.001504784249654959,
    0.001504784249654959,
    0.001504784249654959,
    0.001504784249654959,
    0.001504784249654959,
    0.001504784249654959,
    0.001504784249654959,
    0.001504784249654959,
    0.001504784249654959,
    0.001504784249654959
  ],
  "pnr_raw_state_inf": [
    0.10555459319277882,
    0.10555459319277882,
    0.10555459319277882,
    0.10555459319277882,
    0.10555459319277882,
    0.10555459319277882,
    0.10555459319277882,
    0.10555459319277882,
    0.10555459319277882,
    0.10555459319277882,
    0.10555459319277882,
    0.10555459319277882
  ],
  "pnr_dc_state_p": [
    0.0017068909160472075,
    0.0017068909160472075,
    0.0017068909160472075,
    0.0017068909160472075,
    0.0017068909160472075,
    0.0017068909160472075,
    0.0017068909160472075,
    0.0017068909160472075,
    0.0017068909160472075,
    0.0017068909160472075,
    0.0017068909160472075,
    0.0017068909160472075
  ],
  "pnr_dc_state_inf": [
    0.06560380743606986,
    0.06560380743606986,
    0.06560380743606986,
    0.06560380743606986,
    0.06560380743606986,
    0.06560380743606986,
    0.06560380743606986,
    0.06560380743606986,
    0.06560380743606986,
    0.06560380743606986,
    0.06560380743606986,
    0.06560380743606986
  ],
  "pnr_basic_state_p": [
    0.0014588671901645503,
    0.0014583204989420506,
    0.0014580591776102313,
    0.0014580751938679272,
    0.001458070038530768,
    0.0014580688696977792,
    0.001458071023941237,
    0.0014580720019298885,
    0.0014580728518145836,
    0.0014580719239805694,
    0.0014580741754518115,
    0.0014580745995478467
  ],
  "pnr_basic_state_inf": [
    0.07148382785768792,
    0.07002496955521975,
    0.06984218000594788,
    0.06973229232112166,
    0.06969587492890095,
    0.06967740072270812,
    0.06966651685278247,
    0.06966279100570227,
    0.06966102449658351,
    0.06965990903013519,
    0.0696594656340791,
    0.06965934515718497
  ],
  "pnr_w_state_p": [
    0.005301618291550624,
    0.005301617924249853,
    0.005298082093883989,
    0.005298088160690392,
    0.005298083194971354,
    0.005298085632472739,
    0.005298092226985233,
    0.0052980790441917,
    0.005298088352293612,
    0.005298097116142299,
    0.005298112034111539,
    0.005298100262910197
  ],
  "pnr_w_state_inf": [
    0.0768363069128295,
    0.07598359085829787,
    0.07587703123158385,
    0.0758128184649991,
    0.07579149568699217,
    0.07578086715935628,
    0.0757743789553087,
    0.07577232195704198,
    0.07577103518035655,
    0.07577045692309636,
    0.07577016222289157,
    0.0757700692595139
  ],
  "pnr_bell_sc_distilled_state_p": [
    0.004165804267902025,
    0.004165803236263425,
    0.0041658015845715485,
    0.004165800545344071,
    0.004164222707617566,
    0.004164213873503361,
    0.0041642167082506345,
    0.004164222980804086,
    0.004164216496026254,
    0.004164225405864308,
    0.004164234404538772,
    0.004164227992781837
  ],
  "pnr_bell_sc_distilled_state_inf": [
    0.12833448326523822,
    0.12781202871224417,
    0.12774660456789688,
    0.12770725566929708,
    0.1276766153035278,
    0.12767006611896148,
    0.1276660703468966,
    0.12766500611152398,
    0.12766412884633338,
    0.1276638112618832,
    0.12766354353301423,
    0.12766345955963476
  ],
  "pnr_bell_dc_distilled_state_p": [
    0.005487499260567697,
    0.00548670207967187,
    0.0054867112554989545,
    0.0054867163323295874,
    0.005486710363151785,
    0.00548670493004121,
    0.0054867038452473945,
    0.005486705623406739,
    0.005486701752756494,
    0.005486712350840949,
    0.005486724419155356,
    0.005486717079959454
  ],