{
  "iterations": [
    10,
    100,
    500,
    1000,
    1500,
    2000,
    3000,
    4000,
    5000,
    6000,
    7000,
    8000,
    9000,
    10000,
    12000,
    15000
  ],
  "success_probabilities": [
    0.0019323940010198184,
    0.0011604664875211493,
    0.0013773808463891828,
    0.0014398923621041484,
    0.0014641808473119116,
    0.0014537590883632514,
    0.0014695270655386192,
    0.0014570602090045862,
    0.0014618588552455863,
    0.0014793070647734273,
    0.0014843841368951348,
    0.0014907871548976604,
    0.0014932223129135588,
    0.0014884781433305663,
    0.0015008448965332707,
    0.0014837755199902337
  ],
  "success_prob_std": [
    0.003917688851542451,
    0.009835237370795205,
    0.007671562474772963,
    0.007166294350856451,
    0.006796609236594508,
    0.006595712711791582,
    0.00691863713721105,
    0.006710225812931155,
    0.006735778568261706,
    0.006721654805642808,
    0.006752268485592,
    0.006785454121388348,
    0.0067986723316812055,
    0.006801836958556731,
    0.006732033881114066,
    0.006671492850079789
  ],
  "infidelities": [
    0.07187829514283006,
    0.0723795418570129,
    0.07207306437665262,
    0.07202575212342999,
    0.0720347298030467,
    0.07203515242675784,
    0.07206201795654421,
    0.07204290172911443,
    0.07205522691412913,
    0.07204668116060109,
    0.07205191663743604,
    0.07205070682829728,
    0.07205306301656833,
    0.07206608820115479,
    0.07205309928232728,
    0.07204035452669744
  ],
  "infidelity_std": [
    0.0010158416087895296,
    0.001814917419870879,
    0.0016108223489315154,
    0.001555118230908881,
    0.0015082092938170928,
    0.001485397083947035,
    0.0015236075529088014,
    0.0015036799233718483,
    0.0015232840628736951,
    0.0015204720594582367,
    0.0015176529610416223,
    0.001523623075628133,
    0.0015256228132043185,
    0.0015307933159787468,
    0.0015272321844483259,
    0.0015140998420573282
  ]
}