{
  "iterations": [
    100,
    500,
    1000,
    2000,
    5000,
    10000
  ],
  "success_probabilities": [
    0.0017483681160232428,
    0.0015533642008284296,
    0.0014194154654433649,
    0.0014337837590886668,
    0.0014821936430224085,
    0.0014837184593898582
  ],
  "success_prob_std": [
    4.438269395154815e-12,
    2.5410153160389467e-05,
    1.2162952369322549e-05,
    8.060009767177727e-06,
    8.560854573082811e-06,
    3.3309328726820555e-06
  ],
  "infidelities": [
    0.07210659488990814,
    0.07188303629365453,
    0.07192376249984359,
    0.07197997142059856,
    0.07200070307111903,
    0.07199836621984067
  ],
  "infidelity_std": [
    1.80505876822669e-09,
    4.645308897002229e-06,
    1.2497423682002236e-05,
    3.162182824964085e-06,
    6.468301216683192e-06,
    5.2426963198699745e-06
  ]
}