{"(4, 4)":{"0":[0.0005,0.9847],"1":[0.001,0.97958],"2":[0.0015,0.97434],"3":[0.002,0.96624],"4":[0.0025,0.95784],"5":[0.003,0.94434],"6":[0.0035,0.92854]},"(6, 6)":{"0":[0.0005,0.99866],"1":[0.001,0.99712],"2":[0.0015,0.99292],"3":[0.002,0.98702],"4":[0.0025,0.97552],"5":[0.003,0.96098],"6":[0.0035,0.94126]},"(8, 8)":{"0":[0.0005,0.99974],"1":[0.001,0.99896],"2":[0.0015,0.99724],"3":[0.002,0.99334],"4":[0.0025,0.98466],"5":[0.003,0.97018],"6":[0.0035,0.94592]},"(10, 10)":{"0":[0.0005,0.99994],"1":[0.001,0.99978],"2":[0.0015,0.99904],"3":[0.002,0.99652],"4":[0.0025,0.99094],"5":[0.003,0.9787],"6":[0.0035,0.95202]},"(12, 12)":{"0":[0.0005,0.99996],"1":[0.001,0.99988],"2":[0.0015,0.9998],"3":[0.002,0.99848],"4":[0.0025,0.99422],"5":[0.003,0.98272],"6":[0.0035,0.95536]}}