{
    "alpha_range": [
        0.0010101,
        0.1010101,
        0.20101010000000002,
        0.30101010000000006,
        0.40101010000000004
    ],
    "alpha_distill_range": [
        0.0010101,
        0.1010101,
        0.20101010000000002,
        0.30101010000000006,
        0.40101010000000004
    ],
    "infidelity_bell_sc": [
        [
            1.0,
            1.0,
            0.45737118603986204,
            0.3667836511639412,
            0.3280937689883623
        ],
        [
            1.0,
            0.09066645219477354,
            0.12240088155683204,
            0.14378234126840395,
            0.1706610486968294
        ],
        [
            1.0,
            0.09110188967686872,
            0.15866577612238353,
            0.20086412954328736,
            0.2507559128753385
        ],
        [
            1.0,
            0.09166120943235767,
            0.2009634152728863,
            0.2636397331954463,
            0.3329976332919995
        ],
        [
            1.0,
            0.09240578057042992,
            0.2509676124774347,
            0.33310196406992665,
            0.4176696519901163
        ]
    ],
    "infidelity_basic": [
        [
            1.0,
            1.0,
            1.0,
            1.0,
            0.07124995593112016
        ],
        [
            1.0,
            0.07050732891114386,
            0.08964256103420798,
            0.10326152668690525,
            1.0
        ],
        [
            1.0,
            0.09017008718515362,
            1.0,
            0.07083798503560035,
            0.1773347289362459
        ],
        [
            1.0,
            0.10394623629305766,
            1.0,
            1.0,
            1.0
        ],
        [
            1.0,
            0.12164451315387359,
            1.0,
            1.0,
            1.0
        ]
    ],
    "infidelity_w": [
        [
            1.0,
            1.0,
            1.0,
            1.0,
            1.0
        ],
        [
            1.0,
            1.0,
            1.0,
            1.0,
            1.0
        ],
        [
            1.0,
            0.14863412302267986,
            0.20276384906061395,
            1.0,
            1.0
        ],
        [
            1.0,
            0.18095647094508183,
            1.0,
            1.0,
            1.0
        ],
        [
            1.0,
            0.21966060135681365,
            0.27282849839877266,
            1.0,
            1.0
        ]
    ],
    "success_bell_sc": [
        [
            0.0,
            0.0,
            4.46704130680932e-07,
            4.4670514245945223e-07,
            4.467071382196665e-07
        ],
        [
            0.0,
            0.06666643619537353,
            0.07692287518427923,
            0.08333318432172139,
            0.0833331048488617
        ],
        [
            0.0,
            0.06666653951009115,
            0.0769228247495798,
            0.08333314458529154,
            0.0833332339922587
        ],
        [
            0.0,
            0.06666646003723145,
            0.0769227697299077,
            0.08333314458529154,
            0.08333310981591542
        ],
        [
            0.0,
            0.06666630109151205,
            0.07692296688373272,
            0.08333302537600198,
            0.08333322405815125
        ]
    ],
    "success_basic": [
        [
            0.0,
            0.0,
            0.0,
            0.0,
            2.013513665843189e-07
        ],
        [
            0.0,
            0.001564943081522958,
            0.0022935690956378202,
            0.002283097946480529,
            0.0
        ],
        [
            0.0,
            0.002463045085004985,
            0.0,
            0.008333300054073334,
            0.00943393920952419
        ],
        [
            0.0,
            0.002463042736053467,
            0.0,
            0.0,
            0.0
        ],
        [
            0.0,
            0.0024630430296724067,
            0.0,
            0.0,
            0.0
        ]
    ],
    "success_w": [
        [
            0.0,
            0.0,
            0.0,
            0.0,
            0.0
        ],
        [
            0.0,
            0.0,
            0.0,
            0.0,
            0.0
        ],
        [
            0.0,
            0.03846141695976257,
            0.027026898152119404,
            0.0,
            0.0
        ],
        [
            0.0,
            0.03846138257246751,
            0.0,
            0.0,
            0.0
        ],
        [
            0.0,
            0.052631146029422156,
            0.07692261842580943,
            0.0,
            0.0
        ]
    ],
    "statistics_bell_sc": [
        [
            {
                "p_link": [],
                "F_link": [],
                "t_link": []
            },
            {
                "p_link": [],
                "F_link": [],
                "t_link": []
            },
            {
                "p_link": [
                    0.00364
                ],
                "F_link": [
                    0.542628813960138
                ],
                "t_link": [
                    0.00364
                ]
            },
            {
                "p_link": [
                    0.00364
                ],
                "F_link": [
                    0.6332163488360588
                ],
                "t_link": [
                    0.00364
                ]
            },
            {
                "p_link": [
                    0.0035600000000000002
                ],
                "F_link": [
                    0.6719062310116377
                ],
                "t_link": [
                    0.0035600000000000002
                ]
            }
        ],
        [
            {
                "p_link": [],
                "F_link": [],
                "t_link": []
            },
            {
                "p_link": [
                    0.00357
                ],
                "F_link": [
                    0.9093335478052265
                ],
                "t_link": [
                    0.00357
                ]
            },
            {
                "p_link": [
                    0.00355
                ],
                "F_link": [
                    0.877599118443168
                ],
                "t_link": [
                    0.00355
                ]
            },
            {
                "p_link": [
                    0.00354
                ],
                "F_link": [
                    0.856217658731596
                ],
                "t_link": [
                    0.00354
                ]
            },
            {
                "p_link": [
                    0.00354
                ],
                "F_link": [
                    0.8293389513031706
                ],
                "t_link": [
                    0.00354
                ]
            }
        ],
        [
            {
                "p_link": [],
                "F_link": [],
                "t_link": []
            },
            {
                "p_link": [
                    0.00357
                ],
                "F_link": [
                    0.9088981103231313
                ],
                "t_link": [
                    0.00357
                ]
            },
            {
                "p_link": [
                    0.00355
                ],
                "F_link": [
                    0.8413342238776165
                ],
                "t_link": [
                    0.00355
                ]
            },
            {
                "p_link": [
                    0.00354
                ],
                "F_link": [
                    0.7991358704567126
                ],