{
    "x_positions": [
        0,
        1,
        2,
        3,
        4,
        5,
        6,
        7
    ],
    "raw_p": [
        0.001540796087300688,
        0.002906688511682002,
        0.0047503558794228015,
        0.005923078837335185,
        0.006516313465501474,
        0.006923683639621851,
        0.006989139271898439,
        0.007127343750000002
    ],
    "raw_inf": [
        0.11606803668413468,
        0.09795989840051433,
        0.07910645669279281,
        0.05972337338856071,
        0.04377516814426219,
        0.040187707787171956,
        0.025730245022576592,
        0.02547749080052497
    ],
    "dc_state_p": [
        0.0017081763898064762,
        0.0064121882433359105,
        0.018100440333870364,
        0.029541769406257887,
        0.03738675242440625,
        0.04233598829129125,
        0.04496854112607119,
        0.04681254167361141
    ],
    "dc_state_inf": [
        0.06586411394176972,
        0.05362791643538789,
        0.04122046794954015,
        0.026848936648033783,
        0.016013098006263826,
        0.010209512149809474,
        0.001170385773819893,
        0.0011653903350954398
    ],
    "basic_state_p": [
        0.0004585030591580803,
        0.002857132979801723,
        0.030302914706143467,
        0.010526290692781147,
        0,
        0.0012936572053916706,
        0.003875968530196552,
        0
    ],
    "basic_state_inf": [
        0.07140638585905201,
        0.05796252431412452,
        0.04688118259103802,
        0.030805493326840017,
        1,
        0.013668268037544395,
        0.004475223361509073,
        1
    ],
    "w_state_p": [
        0.0029069552587908365,
        0,
        0.00884950688454957,
        0,
        0.03703673901381316,
        0,
        0,
        0.02857138429369245
    ],
    "w_state_inf": [
        0.08026409808960544,
        1,
        0.0468840518349678,
        1,
        0.02338629524008895,
        1,
        1,
        0.012493813816806476
    ],
    "bell_sc_distilled_state_p": [
        0.0014641218618278449,
        0,
        0.019230729112258326,
        0.013333281675974529,
        0.04545436664061113,
        0,
        0.002932540832027312,
        0
    ],
    "bell_sc_distilled_state_inf": [
        0.09355693038143575,
        1,
        0.06102279394293819,
        0.040667079831454345,
        0.025418394781721698,
        1,
        0.005790659187433711,
        1
    ],
    "bell_dc_distilled_state_p": [
        0.00047370778729372373,
        0.0014164272178671517,
        0.001661125508653761,
        0.001727111187211796,
        0.007299242228487112,
        0.009345746485986442,
        0.010526307005631296,
        0.011363635008985346
    ],
    "bell_dc_distilled_state_inf": [
        0.11559881962275798,
        0.09632152199997734,
        0.07615949341883799,
        0.05145104585372828,
        0.031749492608959096,
        0.02332864878499219,
        0.005248691589694987,
        0.005285979433093613
    ],
    "pnr_raw_p": [
        0.001504784249654959,
        0.0028131399258696007,
        0.004554399744000002,
        0.005650254802125001,
        0.006202093600072267,
        0.00657921868700985,
        0.006641036925187502,
        0.006768750000000001
    ],
    "pnr_raw_inf": [
        0.10555459319277882,
        0.08308569584770886,
        0.059506108147631576,
        0.03729274196936838,
        0.01985438672518991,
        0.015385153660545603,
        0.000525384121072836,
        -1.5000005681997663e-09
    ],
    "pnr_dc_state_p": [
        0.0017081763898064762,
        0.0064121882433359105,
        0.018100440333870364,
        0.029541769406257887,
        0.03738675242440625,
        0.04233598829129125,
        0.04496854112607119,
        0.04681254167361141
    ],
    "pnr_dc_state_inf": [
        0.06586411394176972,
        0.05362791643538789,
        0.04122046794954015,
        0.026848936648033783,
        0.016013098006263826,
        0.010209512149809474,
        0.001170385773819893,
        0.0011653903350954398
    ],
    "pnr_basic_state_p": [
        0.00027166522737755394,
        0.00022904161897974718,
        0.002044986605888008,
        0,
        0.003546087454396782,
        0.002173899567645529,
        0.005494481914646024,
        0.026315649873331973
    ],
    "pnr_basic_state_inf": [
        0.07343139656323827,
        0.0578860943805366,
        0.04646160561014956,
        1,
        0.019227193153144473,
        0.013761577413843318,
        0.004237991452994749,
        0.004230122713931306
    ],
    "pnr_w_state_p": [
        0.008064471425548676,
        0,
        0,
        0,
        0,
        0,
        0.0666664203008016,
        0
    ],
    "pnr_w_state_inf": [
        0.0768093571069306,
        1,
        1,
        1,
        1,
        1,
        0.0066912982720611636,
        1
    ],
    "pnr_bell_sc_distilled_state_p": [
        0,
        0,
        0.05555542310078938,
        0,
        0.008620677837010088,
        0.009999927282333374,
        0,
        0
    ],
    "pnr_bell_sc_distilled_state_inf": [
        1,
        1,
        0.06534533145121424,
        1,
        0.0260769296502823,
        0.020403948427342833,
        1,
        1
    ],
    "pnr_bell_dc_distilled_state_p": [
        0.000649347785231355,
        0.0007220178304596498,
        0,
        0,
        0.005586580191244627,
        0,
        0,
        0.00862064906235399
    ],
    "pnr_bell_dc_distilled_state_inf": [
        0.13257208857873515,
        0.1109348282150534,
        1,
        1,
        0.03590040521812621,
        1,
        1,
        0.004843481571428554
    ]
}