{
    "x_positions": [
        0,
        1,
        2,
        3,
        4,
        5,
        6,
        7
    ],
    "raw_p": [
        0.001540796087300688,
        0.002906688511682002,
        0.0047503558794228015,
        0.005923078837335185,
        0.006516313465501474,
        0.006923683639621851,
        0.006989139271898439,
        0.007127343750000002
    ],
    "raw_inf": [
        0.11606803668413468,
        0.09795989840051433,
        0.07910645669279281,
        0.05972337338856071,
        0.04377516814426219,
        0.040187707787171956,
        0.025730245022576592,
        0.02547749080052497
    ],
    "dc_state_p": [
        0.0017081763898064762,
        0.0064121882433359105,
        0.018100440333870364,
        0.029541769406257887,
        0.03738675242440625,
        0.04233598829129125,
        0.04496854112607119,
        0.04681254167361141
    ],
    "dc_state_inf": [
        0.06586411394176972,
        0.05362791643538789,
        0.04122046794954015,
        0.026848936648033783,
        0.016013098006263826,
        0.010209512149809474,
        0.001170385773819893,
        0.0011653903350954398
    ],
    "basic_state_p": [
        0.0004100013629683416,
        0.0034364130079131763,
        0.005263148169768484,
        0.009999978542327882,
        0.005434761228768722,
        0.007194228738331966,
        0.0033112645938696453,
        0.005714257104056222
    ],
    "basic_state_inf": [
        0.07577934003498532,
        0.05792459469803002,
        0.046024705128467125,
        0.029904821569327278,
        0.019166339406340938,
        0.01426435054074826,
        0.004395020982958631,
        0.004315618194820514
    ],
    "w_state_p": [
        0.0014814760949876573,
        0,
        0,
        0,
        0,
        0,
        0.005050463206840284,
        0.07692286601433387
    ],
    "w_state_inf": [
        0.08021894400445817,
        1,
        1,
        1,
        1,
        1,
        0.013153002423589966,
        0.012496672655255447
    ],
    "bell_sc_distilled_state_p": [
        0.005128184954325358,
        0,
        0,
        0.03333323399225871,
        0,
        0.03448261680274174,
        0.0018975266469271404,
        0
    ],
    "bell_sc_distilled_state_inf": [
        0.09043330517674475,
        1,
        1,
        0.040740831455340354,
        1,
        0.019585851635785412,
        0.005820380530565217,
        1
    ],
    "bell_dc_distilled_state_p": [
        0.0004086622083045825,
        0,
        0.009900940526830089,
        0,
        0,
        0,
        0.010869535415068916,
        0.004901949681487738
    ],
    "bell_dc_distilled_state_inf": [
        0.11548955284834383,
        1,
        0.07619608151425683,
        1,
        1,
        1,
        0.005332663506488755,
        0.005329735658539336
    ],
    "pnr_raw_p": [
        0.001504784249654959,
        0.0028131399258696007,
        0.004554399744000002,
        0.005650254802125001,
        0.006202093600072267,
        0.00657921868700985,
        0.006641036925187502,
        0.006768750000000001
    ],
    "pnr_raw_inf": [
        0.10555459319277882,
        0.08308569584770886,
        0.059506108147631576,
        0.03729274196936838,
        0.01985438672518991,
        0.015385153660545603,
        0.000525384121072836,
        -1.5000005681997663e-09
    ],
    "pnr_dc_state_p": [
        0.0017081763898064762,
        0.0064121882433359105,
        0.018100440333870364,
        0.029541769406257887,
        0.03738675242440625,
        0.04233598829129125,
        0.04496854112607119,
        0.04681254167361141
    ],
    "pnr_dc_state_inf": [
        0.06586411394176972,
        0.05362791643538789,
        0.04122046794954015,
        0.026848936648033783,
        0.016013098006263826,
        0.010209512149809474,
        0.001170385773819893,
        0.0011653903350954398
    ],
    "pnr_basic_state_p": [
        0.00039745473994359684,
        0,
        0,
        0.010869535415068916,
        0.0015037518694884795,
        0.010988959899315469,
        0.013888835906982422,
        0.0018050481266063043
    ],
    "pnr_basic_state_inf": [
        0.07046282137533622,
        1,
        1,
        0.029848226954610313,
        0.01994490773823232,
        0.013245921819711182,
        0.004222134004622791,
        0.004488635406722397
    ],
    "pnr_w_state_p": [
        0.0009416147028210024,
        0.004694802940171649,
        0.02222214804755317,
        0,
        0,
        0,
        0.015624942258000374,
        0.00980386079526415
    ],
    "pnr_w_state_inf": [
        0.07686299486230308,
        0.05946217041310875,
        0.04111563673771279,
        1,
        1,
        1,
        0.006691328248462636,
        0.006019474704870742
    ],
    "pnr_bell_sc_distilled_state_p": [
        0.0009363284718231315,
        0,
        0.020833273728688557,
        0,
        0,
        0,
        0.052631211908240064,
        0.024999877810478213
    ],
    "pnr_bell_sc_distilled_state_inf": [
        0.10172513976306807,
        1,
        0.06536067269297052,
        1,
        1,
        1,
        0.004202661008026354,
        0.00422125964352793
    ],
    "pnr_bell_dc_distilled_state_p": [
        0.002004001804726396,
        0.0009057958056961281,
        0,
        0,
        0,
        0.027777718173133,
        0,
        0.00793648948745122
    ],
    "pnr_bell_dc_distilled_state_inf": [
        0.1325248642106409,
        0.11092871590647557,
        1,
        1,
        1,
        0.027622146803922165,
        1,
        0.004841573015319733
    ]
}