{
    "alpha_range": [
        0.05,
        0.175,
        0.3,
        0.42499999999999993
    ],
    "alpha_distill_range": [
        0.05,
        0.175,
        0.3,
        0.42499999999999993
    ],
    "infidelity_bell_sc": [
        [
            0.10166625445931343,
            1.0,
            0.10069845966526547,
            1.0
        ],
        [
            0.10675180344492374,
            1.0,
            1.0,
            1.0
        ],
        [
            0.11365283536931536,
            0.10115674013302134,
            1.0,
            1.0
        ],
        [
            1.0,
            1.0,
            1.0,
            0.3333529587415679
        ]
    ],
    "infidelity_basic": [
        [
            0.06986096499769867,
            0.07013075999225071,
            0.07796504443782037,
            1.0
        ],
        [
            0.07560471267736413,
            1.0,
            1.0,
            1.0
        ],
        [
            1.0,
            1.0,
            1.0,
            1.0
        ],
        [
            1.0,
            0.12249947080292078,
            1.0,
            1.0
        ]
    ],
    "infidelity_w": [
        [
            0.07681473930193439,
            1.0,
            0.211567796625041,
            1.0
        ],
        [
            0.10033289646027921,
            1.0,
            1.0,
            1.0
        ],
        [
            1.0,
            1.0,
            0.263052306099967,
            0.3183489525487644
        ],
        [
            1.0,
            1.0,
            0.30036996856447884,
            0.35601786939728153
        ]
    ],
    "infidelity_w_to_GHZ": [
        [
            1.0,
            1.0,
            1.0,
            1.0
        ],
        [
            1.0,
            1.0,
            1.0,
            1.0
        ],
        [
            1.0,
            1.0,
            1.0,
            1.0
        ],
        [
            1.0,
            1.0,
            1.0,
            1.0
        ]
    ],
    "success_bell_sc": [
        [
            0.00561796748236324,
            0.0,
            0.07142848627907888,
            0.0
        ],
        [
            0.025640972149677765,
            0.0,
            0.0,
            0.0
        ],
        [
            0.04166645308335622,
            0.04545434767549688,
            0.0,
            0.0
        ],
        [
            0.0,
            0.0,
            0.0,
            0.09999966621398926
        ]
    ],
    "success_basic": [
        [
            0.015624972991645336,
            0.004608296029578705,
            0.0027247897935498313,
            0.0
        ],
        [
            0.0008635541009161756,
            0.0,
            0.0,
            0.0
        ],
        [
            0.0,
            0.0,
            0.0,
            0.0
        ],
        [
            0.0,
            0.014285675116947718,
            0.0,
            0.0
        ]
    ],
    "success_w": [
        [
            0.0016834918497387406,
            0.0,
            0.01063824714498317,
            0.0
        ],
        [
            0.019999892711639405,
            0.0,
            0.0,
            0.0
        ],
        [
            0.0,
            0.0,
            0.05555534362792969,
            0.010988973654233493
        ],
        [
            0.0,
            0.0,
            0.04999981224536896,
            0.03999988555908203
        ]
    ],
    "success_w_to_GHZ": [
        [
            0.0,
            0.0,
            0.0,
            0.0
        ],
        [
            0.0,
            0.0,
            0.0,
            0.0
        ],
        [
            0.0,
            0.0,
            0.0,
            0.0
        ],
        [
            0.0,
            0.0,
            0.0,
            0.0
        ]
    ],
    "statistics_bell_sc": [
        [
            {
                "p_link": [
                    0.00381
                ],
                "F_link": [
                    0.8983337455406866
                ],
                "t_link": [
                    0.00381
                ]
            },
            {
                "p_link": [],
                "F_link": [],
                "t_link": []
            },
            {
                "p_link": [
                    0.00361
                ],
                "F_link": [
                    0.8993015403347345
                ],
                "t_link": [
                    0.00361
                ]
            },
            {
                "p_link": [],
                "F_link": [],
                "t_link": []
            }
        ],
        [
            {
                "p_link": [
                    0.00355
                ],
                "F_link": [
                    0.8932481965550763
                ],
                "t_link": [
                    0.00355
                ]
            },
            {
                "p_link": [],
                "F_link": [],
                "t_link": []
            },
            {
                "p_link": [],
                "F_link": [],
                "t_link": []
            },
            {
                "p_link": [],
                "F_link": [],
                "t_link": []
            }
        ],
        [
            {
                "p_link": [
                    0.0037300000000000002
                ],
                "F_link": [
                    0.8863471646306846
                ],
                "t_link": [
                    0.0037300000000000002
                ]
            },
            {
                "p_link": [
                    0.0037
                ],
                "F_link": [
                    0.8988432598669787
                ],
                "t_link": [
                    0.0037
                ]
            },
            {
                "p_link": [],
                "F_link": [],
                "t_link": []
            },
            {
                "p_link": [],
                "F_link": [],
                "t_link": []
            }
        ],
        [
            {
                "p_link": [],
                "F_link": [],
                "t_link": []
            },
            {
                "p_link": [],
                "F_link": [],
                "t_link": []
            },
            {
                "p_link": [],
                "F_link": [],
                "t_link": []
            },
            {
                "p_link": [
                    0.00355
                ],
                "F_link": [
                    0.6666470412584321
                ],
                "t_link": [
                    0.00355
                ]
            }
        ]
    ],
    "statistics_basic": [
        [
            {
                "p_link": [
                    0.00357
                ],
                "F_link": [
                    0.9301390350023013
                ],
                "t_link": [
                    0.00357
                ]
            },
            {
                "p_link": [
                    0.00413
                ],
                "F_link": [
                    0.9298692400077493
                ],
                "t_link": [
                    0.00413
                ]
            },
            {
                "p_link": [
                    0.00365
                ],
                "F_link": [
                    0.9220349555621796
                ],
                "t_link": [
                    0.00365
                ]
            },
            {
                "p_link": [],
                "F_link": [],
                "t_link": []
            }
        ],
        [
            {
                "p_link": [
                    0.013470000000000001
                ],
                "F_link": [
                    0.9243952873226359
                ],