{
  "coherence_times": [
    0.1,
    1.0,
    10.0,
    50.0,
    100.0
  ],
  "raw_state_p": [
    0.001540796087300688,
    0.001540796087300688,
    0.001540796087300688,
    0.001540796087300688,
    0.001540796087300688
  ],
  "raw_state_inf": [
    0.11606803668413468,
    0.11606803668413468,
    0.11606803668413468,
    0.11606803668413468,
    0.11606803668413468
  ],
  "dc_state_p": [
    0.0017068909160472075,
    0.0017068909160472075,
    0.0017068909160472075,
    0.0017068909160472075,
    0.0017068909160472075
  ],
  "dc_state_inf": [
    0.06560380743606986,
    0.06560380743606986,
    0.06560380743606986,
    0.06560380743606986,
    0.06560380743606986
  ],
  "basic_state_p": [
    0.001266994211653571,
    0.0011697581333829786,
    0.0008763382394020037,
    0.0017887355129642835,
    0.0012687890424128445
  ],
  "basic_state_inf": [
    0.16589650856016236,
    0.08495910131674922,
    0.07268823522388956,
    0.07082344159759335,
    0.07020372073749037
  ],
  "w_state_p": [
    0.0016313120358141951,
    0.0035842890763396694,
    0.0014513718891559042,
    0.0011849648276770494,
    0.0015643471476097781
  ],
  "w_state_inf": [
    0.18892973260571,
    0.09028951415321129,
    0.08017643236709371,
    0.07934571546166935,
    0.0792414241306193
  ],
  "bell_sc_distilled_state_p": [
    0.00692917111482762,
    0.0017952301587828897,
    0.0022604887936145592,
    0.001915699905819363,
    0.010424242815628938
  ],
  "bell_sc_distilled_state_inf": [
    0.37517708488922996,
    0.09769519248173586,
    0.09196084157213869,
    0.0930110747029882,
    0.09135124527426264
  ],
  "bell_dc_distilled_state_p": [
    0.0022132621168968387,
    0.008130047379470455,
    0.0035340264468565015,
    0.00269166546912313,
    0.003267961389878217
  ],
  "bell_dc_distilled_state_inf": [
    0.17180843017153602,
    0.12043907700549183,
    0.11551254898740027,
    0.11504575915641391,
    0.11501482178710254
  ],
  "pnr_raw_state_p": [
    0.001504784249654959,
    0.001504784249654959,
    0.001504784249654959,
    0.001504784249654959,
    0.001504784249654959
  ],
  "pnr_raw_state_inf": [
    0.10555459319277882,
    0.10555459319277882,
    0.10555459319277882,
    0.10555459319277882,
    0.10555459319277882
  ],
  "pnr_dc_state_p": [
    0.0017068909160472075,
    0.0017068909160472075,
    0.0017068909160472075,
    0.0017068909160472075,
    0.0017068909160472075
  ],
  "pnr_dc_state_inf": [
    0.06560380743606986,
    0.06560380743606986,
    0.06560380743606986,
    0.06560380743606986,
    0.06560380743606986
  ],
  "pnr_basic_state_p": [
    0.000877128394310772,
    0.0012395583708587803,
    0.002090185619744854,
    0.0016366557481831303,
    0.0008172887230034002
  ],
  "pnr_basic_state_inf": [
    0.26902864335521537,
    0.08139817920309333,
    0.07149479888407007,
    0.0704531867422935,
    0.06961634386617954
  ],
  "pnr_w_state_p": [
    0,
    0.01850722771682594,
    0,
    0.01786086614613899,
    0.0019684877451949232
  ],
  "pnr_w_state_inf": [
    1.0,
    0.0865994587171175,
    1.0,
    0.07598441724194016,
    0.07587516139383921
  ],
  "pnr_bell_sc_distilled_state_p": [
    0.0071992375192839264,
    0.0012774201364252617,
    0.005072134732387574,
    0.001289561494816575,
    0.002354931452904841
  ],
  "pnr_bell_sc_distilled_state_inf": [
    0.15976787409318027,
    0.09800166906653773,
    0.3381036685751314,
    0.09301054499265005,
    0.23853669403819155
  ],
  "pnr_bell_dc_distilled_state_p": [
    0,
    0.00861554503049105,
    0.013133164697919062,
    0.0045132542137430644,
    0.0018061893126029261
  ],
  "pnr_bell_dc_distilled_state_inf": [
    1.0,
    0.12108851715716096,
    0.11552678173283404,
    0.3331522989768648,
    0.1149721680000626
  ]
}