{
  "coherence_times": [
    10,
    50,
    100
  ],
  "raw_state_p": [
    0.001540796087300688,
    0.001540796087300688,
    0.001540796087300688
  ],
  "raw_state_inf": [
    0.11606803668413468,
    0.11606803668413468,
    0.11606803668413468
  ],
  "dc_state_p": [
    0.0017068909160472075,
    0.0017068909160472075,
    0.0017068909160472075
  ],
  "dc_state_inf": [
    0.06560380743606986,
    0.06560380743606986,
    0.06560380743606986
  ],
  "basic_state_p": [
    0.00121852051164231,
    0.006963091189181367,
    0.0009853507033999974
  ],
  "basic_state_inf": [
    0.07177780644124554,
    0.07067058764940481,
    0.07051844880020908
  ],
  "w_state_p": [
    0.004719655781779737,
    0.002720537280172328,
    0.01407857381224089
  ],
  "w_state_inf": [
    0.08025369731502818,
    0.07934925088812617,
    0.07924540869433905
  ],
  "bell_sc_distilled_state_p": [
    0.00890548394621732,
    0.0119430356254548,
    0.0036032427528057366
  ],
  "bell_sc_distilled_state_inf": [
    0.09147048557723902,
    0.09141838045543493,
    0.0916735221094257
  ],
  "bell_dc_distilled_state_p": [
    0.00989760121199201,
    0.006826197594328153,
    0.0014156819603095487
  ],
  "bell_dc_distilled_state_inf": [
    0.2897937423994875,
    0.11505168037736924,
    0.11496386233517253
  ],
  "pnr_raw_state_p": [
    0.001504784249654959,
    0.001504784249654959,
    0.001504784249654959
  ],
  "pnr_raw_state_inf": [
    0.10555459319277882,
    0.10555459319277882,
    0.10555459319277882
  ],
  "pnr_dc_state_p": [
    0.0017068909160472075,
    0.0017068909160472075,
    0.0017068909160472075
  ],
  "pnr_dc_state_inf": [
    0.06560380743606986,
    0.06560380743606986,
    0.06560380743606986
  ],
  "pnr_basic_state_p": [
    0.0033566670308188356,
    0.0008732220337380304,
    0.001075920194969151
  ],
  "pnr_basic_state_inf": [
    0.0714386050223379,
    0.07003100765110404,
    0.06989210656418698
  ],
  "pnr_w_state_p": [
    0.0014266408442514152,
    0.0023998877794472466,
    0.008272842660818857
  ],
  "pnr_w_state_inf": [
    0.07684850769690177,
    0.0759853000107048,
    0.07587787794786538
  ],
  "pnr_bell_sc_distilled_state_p": [
    0.001094721170892719,
    0.005923202461332789,
    0.0015313873612314783
  ],
  "pnr_bell_sc_distilled_state_inf": [
    0.09145159516201373,
    0.27578369669747005,
    0.09295293681450079
  ],
  "pnr_bell_dc_distilled_state_p": [
    0.004680772099791946,
    0.011436206095802412,
    0.0031722575067853038
  ],
  "pnr_bell_dc_distilled_state_inf": [
    0.28984681972133364,
    0.11500800601769912,
    0.1149473637533136
  ]
}