{
  "coherence_times": [
    10,
    50,
    100,
    250,
    500,
    1000,
    2500,
    5000,
    10000,
    25000,
    50000,
    100000
  ],
  "raw_state_p": [
    0.001540796087300688,
    0.001540796087300688,
    0.001540796087300688,
    0.001540796087300688,
    0.001540796087300688,
    0.001540796087300688,
    0.001540796087300688,
    0.001540796087300688,
    0.001540796087300688,
    0.001540796087300688,
    0.001540796087300688,
    0.001540796087300688
  ],
  "raw_state_inf": [
    0.11606803668413468,
    0.11606803668413468,
    0.11606803668413468,
    0.11606803668413468,
    0.11606803668413468,
    0.11606803668413468,
    0.11606803668413468,
    0.11606803668413468,
    0.11606803668413468,
    0.11606803668413468,
    0.11606803668413468,
    0.11606803668413468
  ],
  "dc_state_p": [
    0.0017068909160472075,
    0.0017068909160472075,
    0.0017068909160472075,
    0.0017068909160472075,
    0.0017068909160472075,
    0.0017068909160472075,
    0.0017068909160472075,
    0.0017068909160472075,
    0.0017068909160472075,
    0.0017068909160472075,
    0.0017068909160472075,
    0.0017068909160472075
  ],
  "dc_state_inf": [
    0.06560380743606986,
    0.06560380743606986,
    0.06560380743606986,
    0.06560380743606986,
    0.06560380743606986,
    0.06560380743606986,
    0.06560380743606986,
    0.06560380743606986,
    0.06560380743606986,
    0.06560380743606986,
    0.06560380743606986,
    0.06560380743606986
  ],
  "basic_state_p": [
    0.0009540261099150573,
    0.0038830113090150046,
    0.0014328873679089439,
    0.0009196562499808339,
    0.0015298807003136725,
    0.0012487770798595853,
    0.0015377112962606085,
    0.0006762417430377666,
    0.0007820995748819302,
    0.0036818081712729524,
    0.0018268089256558463,
    0.0014722434562346057
  ],
  "basic_state_inf": [
    0.0725144891179047,
    0.07057080082941936,
    0.07026901211728331,
    0.07008168384156988,
    0.07062585154072154,
    0.07058336155458811,
    0.06976771463646425,
    0.07006357204179403,
    0.07030532029006997,
    0.06947721698876574,
    0.06966338297102281,
    0.07063323616075212
  ],
  "w_state_p": [
    0.002484257748552133,
    0.0016546545190361723,
    0.0029799951508158807,
    0.00537431507074077,
    0.0040914091148247485,
    0.0030768199282074074,
    0,
    0.0030103195135769145,
    0.00556780015270223,
    0.005525889015618683,
    0.001980171871320538,
    0.006260284577266235
  ],
  "w_state_inf": [
    0.08021187440939215,
    0.07934765660745224,
    0.07924495725825531,
    0.079181277961891,
    0.07915904729181533,
    0.07914753249322515,
    1.0,
    0.07913934509456588,
    0.07913797926264088,
    0.07913756538888184,
    0.07913718573096751,
    0.07913709752922926
  ],
  "bell_sc_distilled_state_p": [
    0.0023288842760910366,
    0.006597424030703694,
    0.0027177687998453546,
    0.0018587814237270434,
    0.004256201245683916,
    0.003419982229939089,
    0.0029178356344309046,
    0.0019401666750499531,
    0.007250329037124915,
    0.0035510103750938864,
    0.004737258372573222,
    0.0026063590453467315
  ],
  "bell_sc_distilled_state_inf": [
    0.09199241729975305,
    0.21432282598117924,
    0.09135405717253375,
    0.09078090084584522,
    0.090980100488399,
    0.15790999007284445,
    0.09049051291193833,
    0.18388339223861205,
    0.21368573277286307,
    0.09196821393463783,
    0.0907535417947245,
    0.23848403666144857
  ],
  "bell_dc_distilled_state_p": [
    0.0036461888291058806,
    0.007737612432345004,
    0.0031207266697760843,
    0.004205846932086746,
    0.0019370627232203263,
    0.0016129078617600934,
    0.0012782333968358473,
    0.006160488734185237,
    0.02535417092278947,
    0.0018393200748873587,
    0.0017559484400531864,
    0.002899080133300186
  ],
  "bell_dc_distilled_state_inf": [
    0.11549842281865119,
    0.26042335591212395,
    0.11497524550237315,
    0.11492111839328745,
    0.3330517544420879,
    0.11492405101753678,
    0.1149321901830549,
    0.1149273836993896,
    0.1149107885757007,
    0.11490261983970773,
    0.11491021068132912,
    0.20216397581572698
  ],
  "pnr_raw_state_p": [
    0.001504784249654959,
    0.001504784249654959,
    0.001504784249654959,
    0.001504784249654959,
    0.001504784249654959,
    0.001504784249654959,
    0.001504784249654959,
    0.001504784249654959,
    0.001504784249654959,
    0.001504784249654959,
    0.001504784249654959,
    0.001504784249654959
  ],
  "pnr_raw_state_inf": [
    0.10555459319277882,
    0.10555459319277882,
    0.10555459319277882,
    0.10555459319277882,
    0.10555459319277882,
    0.10555459319277882,
    0.10555459319277882,
    0.10555459319277882,
    0.10555459319277882,
    0.10555459319277882,
    0.10555459319277882,
    0.10555459319277882
  ],
  "pnr_dc_state_p": [
    0.0017068909160472075,
    0.0017068909160472075,
    0.0017068909160472075,
    0.0017068909160472075,
    0.0017068909160472075,
    0.0017068909160472075,
    0.0017068909160472075,
    0.0017068909160472075,
    0.0017068909160472075,
    0.0017068909160472075,
    0.0017068909160472075,
    0.0017068909160472075
  ],
  "pnr_dc_state_inf": [
    0.06560380743606986,
    0.06560380743606986,
    0.06560380743606986,
    0.06560380743606986,
    0.06560380743606986,
    0.06560380743606986,
    0.06560380743606986,
    0.06560380743606986,
    0.06560380743606986,
    0.06560380743606986,
    0.06560380743606986,
    0.06560380743606986
  ],
  "pnr_basic_state_p": [
    0.0009509887310264171,
    0.002099608027382586,
    0.001453160316444331,
    0.00116689947458322,
    0.0018591153526751239,
    0.0016554589763382562,
    0.0009811403943854864,
    0.0010374278103869186,
    0.0012957640092831073,
    0.0011584183424485012,
    0.0021853062708086994,
    0.0018608603832975877
  ],
  "pnr_basic_state_inf": [
    0.0719362417721785,
    0.06997171869324204,
    0.06966243268180383,
    0.06988533217604598,
    0.06990281314649927,
    0.06986378441791996,
    0.06937060477137491,
    0.0694795724917755,
    0.06973592808160267,
    0.06978627428636808,
    0.06958740386794571,
    0.06966656094785917
  ],
  "pnr_w_state_p": [
    0.00469198003091547,
    0.006389266386407941,
    0.009331887358759918,
    0.007499520757644071,
    0.002919291480672834,
    0.00290923634909971,
    0.004068224020642916,
    0.003913123223510956,
    0.0010579105964599992,
    0.02025475617204855,
    0.0014347093548015897,
    0.0039002694981754133
  ],
  "pnr_w_state_inf": [
    0.0768106495257187,
    0.07598612063164156,
    0.07587649650246697,
    0.07581257977530842,
    0.0757916160970934,
    0.07578082482691606,
    0.07577439371598516,
    0.07577233843883635,
    0.07577103132359131,
    0.07577048864659519,
    0.07577018719015116,
    0.0757700679036788
  ],
  "pnr_bell_sc_distilled_state_p": [
    0.0021754435667918877,
    0.0020259874462081155,
    0.003968620401362141,
    0.002541456953723723,
    0.0043558856042179035,
    0.005600851726060099,
    0.0034869523329937257,
    0.0026321426708726995,
    0.001983737820022239,
    0.005777312332787474,
    0.008646713541396263,
    0.004711026385114005
  ],
  "pnr_bell_sc_distilled_state_inf": [
    0.09237612403726703,
    0.09301280935944423,
    0.09203564302323397,
    0.18350854821296614,
    0.09097982653143011,
    0.19643311536148622,
    0.09181898706145386,
    0.09128636407905033,
    0.09128549374171391,
    0.09234772307638572,
    0.09181613688938695,
    0.0908862913762335
  ],
  "pnr_bell_dc_distilled_state_p": [
    0.008772763576427783,
    0.004366861334832133,
    0.00363582726894161,
    0.0018024133898401325,
    0.002728403404973631,
    0.014286307351399937,
    0.008313747308151674,
    0.0011493311965739541,
    0.006542044299327314,
    0.009454472761898045,
    0.0058139428823285886,
    0.003530083527386262
  ],