{
  "iterations": [
    1,
    2,
    3,
    4
  ],
  "success_probabilities": [
    0.001079945106344755,
    0.0017469879315833,
    0.0015997953290446914,
    0.0019656603499029414
  ],
  "success_prob_std": [
    0.001440897069627901,
    0.0025479215599337347,
    0.0017894610918915632,
    0.0028525583353277923
  ],
  "infidelities": [
    0.3133594142607797,
    0.16465931989171667,
    0.0813529195779883,
    0.07213361805128607
  ],
  "infidelity_std": [
    0.40700802621201054,
    0.27844965581924674,
    0.09233517609893181,
    0.0010089877616429788
  ]
}