{
    "x_positions": [
        0,
        1,
        2,
        3,
        4,
        5,
        6,
        7
    ],
    "raw_p": [
        0.001540796087300688,
        0.002906688511682002,
        0.0047503558794228015,
        0.005923078837335185,
        0.006516313465501474,
        0.006923683639621851,
        0.006989139271898439,
        0.007127343750000002
    ],
    "raw_inf": [
        0.11606803668413468,
        0.09795989840051433,
        0.07910645669279281,
        0.05972337338856071,
        0.04377516814426219,
        0.040187707787171956,
        0.025730245022576592,
        0.02547749080052497
    ],
    "dc_state_p": [
        0.0017081763898064762,
        0.0064121882433359105,
        0.018100440333870364,
        0.029541769406257887,
        0.03738675242440625,
        0.04233598829129125,
        0.04496854112607119,
        0.04681254167361141
    ],
    "dc_state_inf": [
        0.06586411394176972,
        0.05362791643538789,
        0.04122046794954015,
        0.026848936648033783,
        0.016013098006263826,
        0.010209512149809474,
        0.001170385773819893,
        0.0011653903350954398
    ],
    "basic_state_p": [
        0,
        0,
        0,
        0.003703696197933621,
        0.007873981487093947,
        0.002347412243695326,
        0.005154656380722203,
        0.0036231706971707554
    ],
    "basic_state_inf": [
        1,
        1,
        1,
        0.0308930767214467,
        0.020039223517842708,
        0.014601461111081626,
        0.005383670333499957,
        0.004321647554869079
    ],
    "w_state_p": [
        0,
        0,
        0.0009293643736927925,
        0.005405376086363922,
        0,
        0,
        0,
        0.05263127778705797
    ],
    "w_state_inf": [
        1,
        1,
        0.04685614184948994,
        0.032248588479303786,
        1,
        1,
        1,
        0.012508621093262562
    ],
    "bell_sc_distilled_state_p": [
        0,
        0,
        0,
        0.0054644668688539596,
        0.00233099760709109,
        0.016949104050458488,
        0,
        0.023809435821714853
    ],
    "bell_sc_distilled_state_inf": [
        1,
        1,
        1,
        0.03906439812961815,
        0.02542705507225307,
        0.01819943345251218,
        1,
        0.004416393110882932
    ],
    "bell_dc_distilled_state_p": [
        0,
        0,
        0,
        0.012820468499110295,
        0,
        0,
        0.16666635870933533,
        0
    ],
    "bell_dc_distilled_state_inf": [
        1,
        1,
        1,
        0.051488071299463645,
        1,
        1,
        0.005328252848365356,
        1
    ],
    "pnr_raw_p": [
        0.001504784249654959,
        0.0028131399258696007,
        0.004554399744000002,
        0.005650254802125001,
        0.006202093600072267,
        0.00657921868700985,
        0.006641036925187502,
        0.006768750000000001
    ],
    "pnr_raw_inf": [
        0.10555459319277882,
        0.08308569584770886,
        0.059506108147631576,
        0.03729274196936838,
        0.01985438672518991,
        0.015385153660545603,
        0.000525384121072836,
        -1.5000005681997663e-09
    ],
    "pnr_dc_state_p": [
        0.0017081763898064762,
        0.0064121882433359105,
        0.018100440333870364,
        0.029541769406257887,
        0.03738675242440625,
        0.04233598829129125,
        0.04496854112607119,
        0.04681254167361141
    ],
    "pnr_dc_state_inf": [
        0.06586411394176972,
        0.05362791643538789,
        0.04122046794954015,
        0.026848936648033783,
        0.016013098006263826,
        0.010209512149809474,
        0.001170385773819893,
        0.0011653903350954398
    ],
    "pnr_basic_state_p": [
        0.002739716555974255,
        0,
        0.0017482500809889573,
        0.009708689254464454,
        0.005714263575417655,
        0.010752642026511572,
        0.005263149738311768,
        0.006802697976430257
    ],
    "pnr_basic_state_inf": [
        0.07106597854793129,
        1,
        0.04636436375132702,
        0.029832377398293475,
        0.019127524945060204,
        0.013306600429398352,
        0.004474958413348551,
        0.004307648253450425
    ],
    "pnr_w_state_p": [
        0,
        0,
        0,
        0,
        0,
        0.005524830594247217,
        0.0016891797249381608,
        0.02777758240699768
    ],
    "pnr_w_state_inf": [
        1,
        1,
        1,
        1,
        1,
        0.011942986107860376,
        0.006700192011026118,
        0.005974430615941939
    ],
    "pnr_bell_sc_distilled_state_p": [
        0.003676461603711633,
        0.018181727149269796,
        0,
        0,
        0,
        0.003773557015185086,
        0,
        0
    ],
    "pnr_bell_sc_distilled_state_inf": [
        0.10164611337616081,
        0.08303741160881073,
        1,
        1,
        1,
        0.02036741228768002,
        1,
        1
    ],
    "pnr_bell_dc_distilled_state_p": [
        0,
        0,
        0,
        0,
        0,
        0,
        0.009803881832197601,
        0.0024813848452887523
    ],
    "pnr_bell_dc_distilled_state_inf": [
        1,
        1,
        1,
        1,
        1,
        1,
        0.0048147176812116665,
        0.004803852751766313
    ]
}