{
    "alpha": [
        0.0101,
        0.0601,
        0.1101,
        0.16010000000000002,
        0.2101,
        0.2601,
        0.31010000000000004,
        0.36010000000000003,
        0.4101,
        0.4601,
        0.5101
    ],
    "raw": {
        "p": [
            6.279013347374761e-05,
            0.0021748653715160577,
            0.007137101384801349,
            0.014750810007258168,
            0.024819110525554865,
            0.03714692967909964,
            0.05154100166004048,
            0.06780986811326518,
            0.08576387813640142,
            0.1052151882798166,
            0.12597776254661802
        ],
        "inf": [
            0.06260692668106105,
            0.10009514390754193,
            0.13836051706038321,
            0.17743509075589547,
            0.2173538999761937,
            0.2581545067726312,
            0.29987714383562225,
            0.3425649420668102,
            0.3862642027598965,
            0.4310247092105074,
            0.4769000803812359
        ],
        "pnr_p": [
            6.24984983060058e-05,
            0.002114631011394012,
            0.0067742306352577275,
            0.013657987021923732,
            0.02240115264009882,
            0.032657542775170044,
            0.044099535529204675,
            0.05641807182095022,
            0.06932265538583439,
            0.08254135277596521,
            0.09582079336013082
        ],
        "pnr_inf": [
            0.06042280317669957,
            0.08736947984421195,
            0.11558559232406052,
            0.145161984057248,
            0.17619921385772297,
            0.2088081430710269,
            0.2431111928059746,
            0.2792438622203015,
            0.3173565105855499,
            0.35761644589867936,
            0.4002103792353515
        ]
    },
    "dc_state": {
        "p": [
            2.8299420383084513e-06,
            9.034243042595091e-05,
            0.0002718110054956638,
            0.0005120140718803788,
            0.0007799716236036175,
            0.0010489452440794911,
            0.0012964381061127018,
            0.0015041949718985392,
            0.0016582021930228869,
            0.0017486877104622154,
            0.0017701210545835832
        ],
        "inf": [
            0.05337806945333168,
            0.05339223897757661,
            0.05340799982742783,
            0.05342563596836447,
            0.05344550332288389,
            0.053468053861707276,
            0.05349387052827648,
            0.053523718313505775,
            0.05355862130656397,
            0.05359998258965948,
            0.05364977742625676
        ],
        "pnr_p": [
            2.82895753631396e-06,
            9.030932837819755e-05,
            0.00027170581319073823,
            0.0005118041176013769,
            0.0007796315381657247,
            0.0010484569623675636,
            0.0012957908686188455,
            0.0015033853262596919,
            0.001657233995558397,
            0.001747572127711423,
            0.0017688765648434033
        ],
        "pnr_inf": [
            0.053214353009495174,
            0.05322435977297335,
            0.05323549056676702,
            0.05324794605247951,
            0.05326197764441154,
            0.05327790472803562,
            0.053296139227403394,
            0.05331722170117503,
            0.05334187587118966,
            0.05337109344361224,
            0.05340627057367098
        ]
    },
    "basic_state": {
        "p": [
            2.3828722901938102e-05,
            0.0027700728656842766,
            0.006944420023096932,
            0,
            0.03703693548838297,
            0,
            0,
            0,
            0,
            0,
            0
        ],
        "inf": [
            0.09207827278500402,
            0.0594897618402781,
            0.06631716351231098,
            1,
            0.10117630111087395,
            1,
            1,
            1,
            1,
            1,
            1
        ],
        "pnr_p": [
            4.704533257697999e-05,
            0.001136356456713243,
            0.0017330938856564525,
            0,
            0.003984059470583243,
            0.006369397139093679,
            0,
            0,
            0,
            0,
            0
        ],
        "pnr_inf": [
            0.08905360987428623,
            0.057164273391189124,
            0.06149250402827944,
            1,
            0.07914495048122983,
            0.056916974848107316,
            1,
            1,
            1,
            1,
            1
        ]
    },
    "w_state": {
        "p": [
            0,
            0,
            0.003891033653155375,
            0,
            0,
            0.04347811056220013,
            0,
            0,
            0,
            0.039999816417694095,
            0
        ],
        "inf": [
            1,
            1,
            0.12090162474821997,
            1,
            1,
            0.24331629587994552,
            1,
            1,
            1,
            0.406613630656691,
            1
        ],
        "pnr_p": [
            0,
            0.005464450909140332,
            0.009008948867385451,
            0,
            0.09090865742076527,
            0,
            0,
            0,
            0,
            0,
            0.07692282016460712
        ],
        "pnr_inf": [
            1,
            0.07689960445088362,
            0.1138489958152864,
            1,
            0.18861548077603207,
            1,
            1,
            1,
            1,
            1,
            0.4116890989209194
        ]
    },
    "bell_sc_distilled_state": {
        "p": [
            0,
            0.004999983608722687,
            0,
            0,
            0,
            0.08333301544189453,
            0.1428567852292742,
            0,
            0.11111097865634494,
            0,
            0
        ],
        "inf": [
            1,
            0.06948365394899914,
            1,
            1,
            1,
            0.19406790515666672,
            0.07164791236311352,
            1,
            0.07303748180633118,
            1,
            1
        ],
        "pnr_p": [
            0.0009090890667655252,
            0,
            0,
            0.01538454294204712,
            0,
            0.019607777689017503,
            0.04545443708246404,
            0,
            0.06666658719380697,
            0.08333314955234528,
            0.06666647990544637
        ],
        "pnr_inf": [
            0.07568396936823651,
            1,
            1,
            0.07607321113068155,
            1,
            0.14304145835289073,
            0.5817960011566643,
            1,
            0.07799284354869784,
            0.5678377620915387,
            0.4497218400320038
        ]
    },
    "bell_dc_distilled_state": {
        "p": [
            0,
            0,
            0.04166647543509801,
            0.03124985471367836,
            0,
            0.19999953508377077,
            0.02702703024889972,
            0,
            0.02564091254503299,
            0.020833253860473633,
            0
        ],
        "inf": [
            1,
            1,
            0.09235099439789007,
            0.0928257445217846,
            1,
            0.09350217832660501,
            0.9918728109194851,
            1,
            0.09512917745193561,
            0.09584113546009754,
            1
        ],
        "pnr_p": [
            0,
            0.0007674596626211475,
            0,
            0,
            0,
            0,
            0,
            0,
            0,
            0,
            0.04999983906745911
        ],
        "pnr_inf": [
            1,
            0.10318648866669844,
            1,
            1,
            1,
            1,
            1,
            1,
            1,
            1,
            0.9948555755314213
        ]
    },