{
  "coherence_times": [
    10,
    50,
    100,
    250,
    500,
    1000,
    2500,
    5000,
    10000,
    25000,
    50000,
    100000
  ],
  "raw_state_p": [
    0.19386221323297953,
    0.19386221323297953,
    0.19386221323297953,
    0.19386221323297953,
    0.19386221323297953,
    0.19386221323297953,
    0.19386221323297953,
    0.19386221323297953,
    0.19386221323297953,
    0.19386221323297953,
    0.19386221323297953,
    0.19386221323297953
  ],
  "raw_state_inf": [
    0.6225560784356567,
    0.6225560784356567,
    0.6225560784356567,
    0.6225560784356567,
    0.6225560784356567,
    0.6225560784356567,
    0.6225560784356567,
    0.6225560784356567,
    0.6225560784356567,
    0.6225560784356567,
    0.6225560784356567,
    0.6225560784356567
  ],
  "dc_state_p": [
    0.0017068909160472075,
    0.0017068909160472075,
    0.0017068909160472075,
    0.0017068909160472075,
    0.0017068909160472075,
    0.0017068909160472075,
    0.0017068909160472075,
    0.0017068909160472075,
    0.0017068909160472075,
    0.0017068909160472075,
    0.0017068909160472075,
    0.0017068909160472075
  ],
  "dc_state_inf": [
    0.06560380743606986,
    0.06560380743606986,
    0.06560380743606986,
    0.06560380743606986,
    0.06560380743606986,
    0.06560380743606986,
    0.06560380743606986,
    0.06560380743606986,
    0.06560380743606986,
    0.06560380743606986,
    0.06560380743606986,
    0.06560380743606986
  ],
  "basic_state_p": [
    0,
    0,
    0.09999966025352479,
    0,
    0.05555523766411675,
    0.062499742954969406,
    0,
    0,
    0.07142837132726397,
    0,
    0,
    0
  ],
  "basic_state_inf": [
    1.0,
    1.0,
    0.7677770854429269,
    1.0,
    0.7677689635214184,
    0.7677678894112014,
    1.0,
    1.0,
    0.7677669555921701,
    1.0,
    1.0,
    1.0
  ],
  "w_state_p": [
    0.16666585206985474,
    0,
    0,
    0,
    0,
    0,
    0,
    0,
    0,
    0,
    0,
    0
  ],
  "w_state_inf": [
    0.5832421750144275,
    1.0,
    1.0,
    1.0,
    1.0,
    1.0,
    1.0,
    1.0,
    1.0,
    1.0,
    1.0,
    1.0
  ],
  "bell_sc_distilled_state_p": [
    0.04347812092822531,
    0,
    0,
    0.11111081308788723,
    0,
    0,
    0,
    0.11111045546001858,
    0,
    0,
    0,
    0.062499865889549255
  ],
  "bell_sc_distilled_state_inf": [
    0.8248998730792286,
    1.0,
    1.0,
    0.8248667522555216,
    1.0,
    1.0,
    1.0,
    0.8248654647161097,
    1.0,
    1.0,
    1.0,
    0.8248654142962112
  ],
  "bell_dc_distilled_state_p": [
    0,
    0.03571407922676631,
    0,
    0,
    0,
    0.03448254486610149,
    0,
    0,
    0,
    0,
    0.02222220500310262,
    0
  ],
  "bell_dc_distilled_state_inf": [
    1.0,
    0.997347723718372,
    1.0,
    1.0,
    1.0,
    0.9973884985027333,
    1.0,
    1.0,
    1.0,
    1.0,
    0.9973906080063606,
    1.0
  ],
  "pnr_raw_state_p": [
    0.13382495551394682,
    0.13382495551394682,
    0.13382495551394682,
    0.13382495551394682,
    0.13382495551394682,
    0.13382495551394682,
    0.13382495551394682,
    0.13382495551394682,
    0.13382495551394682,
    0.13382495551394682,
    0.13382495551394682,
    0.13382495551394682
  ],
  "pnr_raw_state_inf": [
    0.5457173612240377,
    0.5457173612240377,
    0.5457173612240377,
    0.5457173612240377,
    0.5457173612240377,
    0.5457173612240377,
    0.5457173612240377,
    0.5457173612240377,
    0.5457173612240377,
    0.5457173612240377,
    0.5457173612240377,
    0.5457173612240377
  ],
  "pnr_dc_state_p": [
    0.0017068909160472075,
    0.0017068909160472075,
    0.0017068909160472075,
    0.0017068909160472075,
    0.0017068909160472075,
    0.0017068909160472075,
    0.0017068909160472075,
    0.0017068909160472075,
    0.0017068909160472075,
    0.0017068909160472075,
    0.0017068909160472075,
    0.0017068909160472075
  ],
  "pnr_dc_state_inf": [
    0.06560380743606986,
    0.06560380743606986,
    0.06560380743606986,
    0.06560380743606986,
    0.06560380743606986,
    0.06560380743606986,
    0.06560380743606986,
    0.06560380743606986,
    0.06560380743606986,
    0.06560380743606986,
    0.06560380743606986,
    0.06560380743606986
  ],
  "pnr_basic_state_p": [
    0,
    0.14285677671432495,
    0,
    0,
    0.11111062102847628,
    0,
    0.09999954104423524,
    0,
    0,
    0,
    0.12499997019767761,
    0.11111085282431708
  ],
  "pnr_basic_state_inf": [
    1.0,
    0.6272763346866228,
    1.0,
    1.0,
    0.6272318580879968,
    1.0,
    0.6272278568078165,
    1.0,
    1.0,
    1.0,
    0.6272269226787426,
    0.6272269476792847
  ],
  "pnr_w_state_p": [
    0,
    0,
    0,
    0,
    0,
    0,
    0.1428564190864563,
    0,
    0,
    0,
    0,
    0
  ],
  "pnr_w_state_inf": [
    1.0,
    1.0,
    1.0,
    1.0,
    1.0,
    1.0,
    0.5314907642808457,
    1.0,
    1.0,
    1.0,
    1.0,
    1.0
  ],
  "pnr_bell_sc_distilled_state_p": [
    0,
    0,
    0,
    0,
    0,
    0.1999989151954651,
    0,
    0.16666581233342487,
    0,
    0,
    0,
    0
  ],
  "pnr_bell_sc_distilled_state_inf": [
    1.0,
    1.0,
    1.0,
    1.0,
    1.0,
    0.8248657461402542,
    1.0,
    0.8248654700362784,
    1.0,
    1.0,
    1.0,
    1.0
  ],
  "pnr_bell_dc_distilled_state_p": [
    0,
    0,
    0,
    0.03846142154473525,
    0,
    0,
    0.04761896246955508,
    0,
    0,
    0,
    0,
    0
  ],
  "pnr_bell_dc_distilled_state_inf": [
    1.0,
    1.0,
    1.0,
    0.9973821082086375,
    1.0,
    1.0,
    0.11985123645194151,
    1.0,
    1.0,
    1.0,
    1.0,
    1.0
  ]
}