{
  "coherence_times": [
    10,
    50,
    100,
    250,
    500,
    1000,
    2500,
    5000,
    10000,
    25000,
    50000,
    100000
  ],
  "raw_state_p": [
    0.19386221323297953,
    0.19386221323297953,
    0.19386221323297953,
    0.19386221323297953,
    0.19386221323297953,
    0.19386221323297953,
    0.19386221323297953,
    0.19386221323297953,
    0.19386221323297953,
    0.19386221323297953,
    0.19386221323297953,
    0.19386221323297953
  ],
  "raw_state_inf": [
    0.6225560784356567,
    0.6225560784356567,
    0.6225560784356567,
    0.6225560784356567,
    0.6225560784356567,
    0.6225560784356567,
    0.6225560784356567,
    0.6225560784356567,
    0.6225560784356567,
    0.6225560784356567,
    0.6225560784356567,
    0.6225560784356567
  ],
  "dc_state_p": [
    0.0017068909160472075,
    0.0017068909160472075,
    0.0017068909160472075,
    0.0017068909160472075,
    0.0017068909160472075,
    0.0017068909160472075,
    0.0017068909160472075,
    0.0017068909160472075,
    0.0017068909160472075,
    0.0017068909160472075,
    0.0017068909160472075,
    0.0017068909160472075
  ],
  "dc_state_inf": [
    0.06560380743606986,
    0.06560380743606986,
    0.06560380743606986,
    0.06560380743606986,
    0.06560380743606986,
    0.06560380743606986,
    0.06560380743606986,
    0.06560380743606986,
    0.06560380743606986,
    0.06560380743606986,
    0.06560380743606986,
    0.06560380743606986
  ],
  "basic_state_p": [
    0,
    0,
    0.052631409544693794,
    0,
    0,
    0,
    0,
    0,
    0,
    0,
    0,
    0
  ],
  "basic_state_inf": [
    1.0,
    1.0,
    0.7677771515467193,
    1.0,
    1.0,
    1.0,
    1.0,
    1.0,
    1.0,
    1.0,
    1.0,
    1.0
  ],
  "w_state_p": [
    0,
    0,
    0,
    0,
    0,
    0.24999764561653137,
    0,
    0,
    0,
    0,
    0,
    0
  ],
  "w_state_inf": [
    1.0,
    1.0,
    1.0,
    1.0,
    1.0,
    0.5830241870517145,
    1.0,
    1.0,
    1.0,
    1.0,
    1.0,
    1.0
  ],
  "bell_sc_distilled_state_p": [
    0,
    0.09999950528144837,
    0,
    0,
    0.16666588187217712,
    0,
    0,
    0,
    0,
    0.1111106342739529,
    0.11111099852455986,
    0
  ],
  "bell_sc_distilled_state_inf": [
    1.0,
    0.8248722399167141,
    1.0,
    1.0,
    0.8248660726445033,
    1.0,
    1.0,
    1.0,
    1.0,
    0.5694792748123968,
    0.5694791017864033,
    1.0
  ],
  "bell_dc_distilled_state_p": [
    0.04166658719380696,
    0.1111107071240743,
    0,
    0.06666636069615682,
    0.08333304524421692,
    0.04166637857755025,
    0.03225794915230044,
    0.02702687237713788,
    0,
    0.031249871477484703,
    0,
    0
  ],
  "bell_dc_distilled_state_inf": [
    0.9971790893040192,
    0.12005121477201275,
    1.0,
    0.9973824168859063,
    0.997386513916121,
    0.9973885050739716,
    0.9973897772076797,
    0.9973902276842759,
    1.0,
    0.9973905651857621,
    1.0,
    1.0
  ],
  "pnr_raw_state_p": [
    0.13382495551394682,
    0.13382495551394682,
    0.13382495551394682,
    0.13382495551394682,
    0.13382495551394682,
    0.13382495551394682,
    0.13382495551394682,
    0.13382495551394682,
    0.13382495551394682,
    0.13382495551394682,
    0.13382495551394682,
    0.13382495551394682
  ],
  "pnr_raw_state_inf": [
    0.5457173612240377,
    0.5457173612240377,
    0.5457173612240377,
    0.5457173612240377,
    0.5457173612240377,
    0.5457173612240377,
    0.5457173612240377,
    0.5457173612240377,
    0.5457173612240377,
    0.5457173612240377,
    0.5457173612240377,
    0.5457173612240377
  ],
  "pnr_dc_state_p": [
    0.0017068909160472075,
    0.0017068909160472075,
    0.0017068909160472075,
    0.0017068909160472075,
    0.0017068909160472075,
    0.0017068909160472075,
    0.0017068909160472075,
    0.0017068909160472075,
    0.0017068909160472075,
    0.0017068909160472075,
    0.0017068909160472075,
    0.0017068909160472075
  ],
  "pnr_dc_state_inf": [
    0.06560380743606986,
    0.06560380743606986,
    0.06560380743606986,
    0.06560380743606986,
    0.06560380743606986,
    0.06560380743606986,
    0.06560380743606986,
    0.06560380743606986,
    0.06560380743606986,
    0.06560380743606986,
    0.06560380743606986,
    0.06560380743606986
  ],
  "pnr_basic_state_p": [
    0,
    0,
    0,
    0.12499989569187164,
    0,
    0,
    0.08333301047484079,
    0,
    0,
    0,
    0,
    0.08333313961823781
  ],
  "pnr_basic_state_inf": [
    1.0,
    1.0,
    1.0,
    0.627236783570867,
    1.0,
    1.0,
    0.6272278867933816,
    1.0,
    1.0,
    1.0,
    1.0,
    0.6272269476787287
  ],
  "pnr_w_state_p": [
    0.1666659116744995,
    0,
    0,
    0,
    0,
    0.09090838649056175,
    0,
    0,
    0,
    0.11111057466930813,
    0,
    0
  ],
  "pnr_w_state_inf": [
    0.5317663636419536,
    1.0,
    1.0,
    1.0,
    1.0,
    0.5314923782604127,
    1.0,
    1.0,
    1.0,
    0.5314897625120196,
    1.0,
    1.0
  ],
  "pnr_bell_sc_distilled_state_p": [
    0,
    0,
    0,
    0.0769226963703449,
    0,
    0,
    0.1666662096977234,
    0,
    0.09999955892562867,
    0,
    0.24999955296516418,
    0.12499967962503433
  ],
  "pnr_bell_sc_distilled_state_inf": [
    1.0,
    1.0,
    1.0,
    0.8248666432717467,
    1.0,
    1.0,
    0.8248655443735858,
    1.0,
    0.824865443500002,
    1.0,
    0.82486540897062,
    0.5694792748667639
  ],
  "pnr_bell_dc_distilled_state_p": [
    0.020833268761634827,
    0,
    0.016949089906983458,
    0.05263136562548185,
    0,
    0,
    0,
    0,
    0.027777716517448425,
    0,
    0.07692297605367808,
    0.05882342422709745
  ],
  "pnr_bell_dc_distilled_state_inf": [
    0.997159742566507,
    1.0,
    0.12269992382149952,
    0.9973821239195649,
    1.0,
    1.0,
    1.0,
    1.0,
    0.9973904326191315,
    1.0,
    0.9973906110967317,
    0.9973906319384095
  ]
}