{
  "iterations": [
    1,
    2,
    3,
    4
  ],
  "success_probabilities": [
    0.0009546390205625875,
    0.0012305847105190915,
    0.0015873656979144004,
    0.0014361596779665286
  ],
  "success_prob_std": [
    0.0013372998616725511,
    0.0012042401974515198,
    0.0013348335475585912,
    0.0016206226164985123
  ],
  "infidelities": [
    0.33175497242118795,
    0.1739001887163688,
    0.09040504068288152,
    0.08137428300753516
  ],
  "infidelity_std": [
    0.41672581029129807,
    0.2904272812820761,
    0.12994682788760967,
    0.09233294090533313
  ]
}