{
    "raw": {
        "p": [
            0.00069775751200177,
            0.0012344539762031252
        ],
        "inf": [
            0.09141502043070071,
            0.08920880694361921
        ],
        "pnr_p": [
            0.0006868283414062501,
            0.0012086634000000001
        ],
        "pnr_inf": [
            0.08421576573586909,
            0.07954546754018876
        ]
    },
    "dc_state": {
        "p": [
            8.279096684853138e-05,
            0.0002616088079897518
        ],
        "inf": [
            0.0654747268538809,
            0.06538371026308176
        ],
        "pnr_p": [
            8.27376896145719e-05,
            0.00026138436611571866
        ],
        "pnr_inf": [
            0.065177258662237,
            0.06498728239825291
        ]
    },
    "basic_state": {
        "p": [
            0,
            0.0007027359973856537
        ],
        "inf": [
            1,
            0.07169507119863483
        ],
        "pnr_p": [
            0.0003338886620803349,
            0.0035087723481027704
        ],
        "pnr_inf": [
            0.07275036610350316,
            0.06993950548211547
        ]
    },
    "w_state": {
        "p": [
            0,
            0
        ],
        "inf": [
            1,
            1
        ],
        "pnr_p": [
            0,
            0.001356842883406371
        ],
        "pnr_inf": [
            1,
            0.04054082919345359
        ]
    },
    "bell_sc_distilled_state": {
        "p": [
            0,
            0
        ],
        "inf": [
            1,
            1
        ],
        "pnr_p": [
            0.0006761305472430061,
            0.004273477782551041
        ],
        "pnr_inf": [
            0.13226690865686952,
            0.9902781281913274
        ]
    },
    "bell_dc_distilled_state": {
        "p": [
            0.002364058866568491,
            0.001976276574869872
        ],
        "inf": [
            0.11527176959273655,
            0.11520715787397606
        ],
        "pnr_p": [
            0.00042643872405420235,
            0
        ],
        "pnr_inf": [
            0.13229994586559024,
            1
        ]
    }
}