{
  "coherence_times": [
    0.1,
    1.0,
    10.0,
    100.0,
    1000.0,
    10000.0
  ],
  "raw_state_p": [
    0.001540796087300688,
    0.001540796087300688,
    0.001540796087300688,
    0.001540796087300688,
    0.001540796087300688,
    0.001540796087300688
  ],
  "raw_state_inf": [
    0.11606803668413468,
    0.11606803668413468,
    0.11606803668413468,
    0.11606803668413468,
    0.11606803668413468,
    0.11606803668413468
  ],
  "dc_state_p": [
    0.0017068909160472075,
    0.0017068909160472075,
    0.0017068909160472075,
    0.0017068909160472075,
    0.0017068909160472075,
    0.0017068909160472075
  ],
  "dc_state_inf": [
    0.06560380743606986,
    0.06560380743606986,
    0.06560380743606986,
    0.06560380743606986,
    0.06560380743606986,
    0.06560380743606986
  ],
  "basic_state_p": [
    0.0008223239497179244,
    0.0007001608352229078,
    0.000889836044459867,
    0.0019650277107946925,
    0.001778200801588617,
    0.0008373090007106945
  ],
  "basic_state_inf": [
    0.1617062180075478,
    0.09534545964382235,
    0.07134545277962767,
    0.07077323204667352,
    0.0706257365147529,
    0.07051854662979451
  ],
  "w_state_p": [
    0.0009557979964359843,
    0.001975566772310037,
    0.0035571542756126797,
    0.008836751272661298,
    0.010392833360768456,
    0.0021899668755321787
  ],
  "w_state_inf": [
    0.17629696006966078,
    0.08953455708091851,
    0.08018307746748143,
    0.07924356675730593,
    0.07914781239100732,
    0.07913796577682553
  ],
  "bell_sc_distilled_state_p": [
    0.007697837016811587,
    0.0028981719295856274,
    0.0024534556619927677,
    0.0006237172829436023,
    0.0020886011453061597,
    0.005047586800069473
  ],
  "bell_sc_distilled_state_inf": [
    0.15478270234834524,
    0.09626030510253314,
    0.09252211909660524,
    0.337721824527789,
    0.0907604308004234,
    0.23848456568848986
  ],
  "bell_dc_distilled_state_p": [
    0.0013447014481092546,
    0.001601298435076532,
    0.006040828535963666,
    0.0008601154131864775,
    0.008295831542531091,
    0.0012376160904912666
  ],
  "bell_dc_distilled_state_inf": [
    0.1727885830537561,
    0.2933566245166652,
    0.11552959720814893,
    0.11500907315857811,
    0.11489628685975539,
    0.11495015966171751
  ],
  "pnr_raw_state_p": [
    0.001504784249654959,
    0.001504784249654959,
    0.001504784249654959,
    0.001504784249654959,
    0.001504784249654959,
    0.001504784249654959
  ],
  "pnr_raw_state_inf": [
    0.10555459319277882,
    0.10555459319277882,
    0.10555459319277882,
    0.10555459319277882,
    0.10555459319277882,
    0.10555459319277882
  ],
  "pnr_dc_state_p": [
    0.0017068909160472075,
    0.0017068909160472075,
    0.0017068909160472075,
    0.0017068909160472075,
    0.0017068909160472075,
    0.0017068909160472075
  ],
  "pnr_dc_state_inf": [
    0.06560380743606986,
    0.06560380743606986,
    0.06560380743606986,
    0.06560380743606986,
    0.06560380743606986,
    0.06560380743606986
  ],
  "pnr_basic_state_p": [
    0.0012408474929582873,
    0.001856284000690768,
    0.0011984708874720254,
    0.0012968602020646456,
    0.0010342357059878599,
    0.0009585451028580249
  ],
  "pnr_basic_state_inf": [
    0.22508148547927564,
    0.08250834297126497,
    0.07096456545736429,
    0.07002543935638716,
    0.06991514817635203,
    0.06950944550634308
  ],
  "pnr_w_state_p": [
    0.0027679615709312495,
    0.003134780676014345,
    0.004290848536843059,
    0.002352366793533674,
    0.006324509296002661,
    0.014927771535212403
  ],
  "pnr_w_state_inf": [
    0.17262059061649948,
    0.08632758826658937,
    0.07683437255282255,
    0.07587786452314249,
    0.0757808820487621,
    0.07577103348389014
  ],
  "pnr_bell_sc_distilled_state_p": [
    0.006294867492182747,
    0.001316213317809886,
    0.0020637386986905692,
    0.005877827852044065,
    0.005608233973959458,
    0.008030165411218381
  ],
  "pnr_bell_sc_distilled_state_inf": [
    0.16019023142603128,
    0.0983345303152281,
    0.09196576340088825,
    0.21480282408838391,
    0.3376838414290414,
    0.09224178219132972
  ],
  "pnr_bell_dc_distilled_state_p": [
    0.0013017290188121358,
    0.021329809991885135,
    0.01552355810345829,
    0.00190841939022174,
    0.003347100621258407,
    0.006143641268585254
  ],
  "pnr_bell_dc_distilled_state_inf": [
    0.17268776232129368,
    0.12069998678751981,
    0.2898258839375567,
    0.11496997139031784,
    0.11491610157895216,
    0.11490298169845481
  ]
}