{
    "alpha_range": [
        0.05,
        0.175,
        0.3,
        0.42499999999999993
    ],
    "alpha_distill_range": [
        0.05,
        0.175,
        0.3,
        0.42499999999999993
    ],
    "infidelity_bell_sc": [
        [
            1.0,
            1.0,
            1.0,
            0.12300074226556035
        ],
        [
            0.10040712813412789,
            1.0,
            1.0,
            1.0
        ],
        [
            1.0,
            1.0,
            1.0,
            0.10197644801811512
        ],
        [
            1.0,
            1.0,
            1.0,
            1.0
        ]
    ],
    "infidelity_basic": [
        [
            0.07051015049356302,
            0.07391848327120432,
            1.0,
            0.08378721626473362
        ],
        [
            0.07434982168713145,
            1.0,
            0.10091787650363027,
            0.122444618567632
        ],
        [
            0.07806080336998678,
            0.07046013458263922,
            0.13078453935487222,
            0.17111403507757028
        ],
        [
            0.07186483214621098,
            0.07112299330289507,
            1.0,
            1.0
        ]
    ],
    "infidelity_w": [
        [
            1.0,
            1.0,
            0.211567796625041,
            1.0
        ],
        [
            1.0,
            0.16937274329730911,
            1.0,
            1.0
        ],
        [
            0.12990303339593345,
            1.0,
            1.0,
            1.0
        ],
        [
            0.16824947956431235,
            1.0,
            1.0,
            1.0
        ]
    ],
    "infidelity_w_to_GHZ_distil": [
        [
            1.0,
            1.0,
            0.4216422369455377,
            1.0
        ],
        [
            1.0,
            1.0,
            1.0,
            1.0
        ],
        [
            0.4215421623027257,
            1.0,
            1.0,
            1.0
        ],
        [
            1.0,
            1.0,
            1.0,
            1.0
        ]
    ],
    "success_bell_sc": [
        [
            0.0,
            0.0,
            0.0,
            0.002824852358823442
        ],
        [
            0.01388882431719038,
            0.0,
            0.0,
            0.0
        ],
        [
            0.0,
            0.0,
            0.0,
            0.043478203856426735
        ],
        [
            0.0,
            0.0,
            0.0,
            0.0
        ]
    ],
    "success_basic": [
        [
            0.002178641186300706,
            0.001552792069334421,
            0.0,
            0.0003642972918373205
        ],
        [
            0.0028653185825293246,
            0.0,
            0.0178570779306548,
            0.034482608581411424
        ],
        [
            0.01639338888105799,
            0.05263134994004902,
            0.041666547457377114,
            0.031249843537807465
        ],
        [
            0.0014641227345166409,
            0.004999979734420777,
            0.0,
            0.0
        ]
    ],
    "success_w": [
        [
            0.0,
            0.0,
            0.002499988079071045,
            0.0
        ],
        [
            0.0,
            0.01020401351305903,
            0.0,
            0.0
        ],
        [
            0.031249821186065674,
            0.0,
            0.0,
            0.0
        ],
        [
            0.09090872244401411,
            0.0,
            0.0,
            0.0
        ]
    ],
    "success_w_to_GHZ_distil": [
        [
            0.0,
            0.0,
            0.06249956041574478,
            0.0
        ],
        [
            0.0,
            0.0,
            0.0,
            0.0
        ],
        [
            0.04166636864344279,
            0.0,
            0.0,
            0.0
        ],
        [
            0.0,
            0.0,
            0.0,
            0.0
        ]
    ],
    "statistics_bell_sc": [
        [
            {
                "p_link": [],
                "F_link": [],
                "t_link": []
            },
            {
                "p_link": [],
                "F_link": [],
                "t_link": []
            },
            {
                "p_link": [],
                "F_link": [],
                "t_link": []
            },
            {
                "p_link": [
                    0.00357
                ],
                "F_link": [
                    0.8769992577344397
                ],
                "t_link": [
                    0.00357
                ]
            }
        ],
        [
            {
                "p_link": [
                    0.00372
                ],
                "F_link": [
                    0.8995928718658721
                ],
                "t_link": [
                    0.00372
                ]
            },
            {
                "p_link": [],
                "F_link": [],
                "t_link": []
            },
            {
                "p_link": [],
                "F_link": [],
                "t_link": []
            },
            {
                "p_link": [],
                "F_link": [],
                "t_link": []
            }
        ],
        [
            {
                "p_link": [],
                "F_link": [],
                "t_link": []
            },
            {
                "p_link": [],
                "F_link": [],
                "t_link": []
            },
            {
                "p_link": [],
                "F_link": [],
                "t_link": []
            },
            {
                "p_link": [
                    0.00353
                ],
                "F_link": [
                    0.8980235519818849
                ],
                "t_link": [
                    0.00353
                ]
            }
        ],
        [
            {
                "p_link": [],
                "F_link": [],
                "t_link": []
            },
            {
                "p_link": [],
                "F_link": [],
                "t_link": []
            },
            {
                "p_link": [],
                "F_link": [],
                "t_link": []
            },
            {
                "p_link": [],
                "F_link": [],
                "t_link": []
            }
        ]
    ],
    "statistics_basic": [
        [
            {
                "p_link": [
                    0.00728
                ],
                "F_link": [
                    0.929489849506437
                ],
                "t_link": [
                    0.00728
                ]
            },
            {
                "p_link": [
                    0.00396
                ],
                "F_link": [
                    0.9260815167287957
                ],
                "t_link": [
                    0.00396
                ]
            },
            {
                "p_link": [],
                "F_link": [],
                "t_link": []
            },
            {
                "p_link": [
                    0.00355
                ],
                "F_link": [
                    0.9162127837352664
                ],
                "t_link": [
                    0.00355
                ]
            }
        ],
        [
            {
                "p_link": [
                    0.00635
                ],
                "F_link": [
                    0.9256501783128686
                ],
                "t_link": [
                    0.00635
                ]
            },
            {
                "p_link": [],
                "F_link": [],
                "t_link": []
            },
            {
                "p_link": [
                    0.00366
                ],
                "F_link": [
                    0.8990821234963697
                ],