{
    "alpha_range": [
        0.05,
        0.175,
        0.3,
        0.42499999999999993
    ],
    "alpha_distill_range": [
        0.05,
        0.175,
        0.3,
        0.42499999999999993
    ],
    "infidelity_bell_sc": [
        [
            0.10326059575391933,
            1.0,
            0.4021036152203562,
            1.0
        ],
        [
            0.10064945927093993,
            0.1010039258998432,
            0.49371961424255195,
            1.0
        ],
        [
            1.0,
            1.0,
            0.5878245119051657,
            1.0
        ],
        [
            1.0,
            1.0,
            0.3557060683636618,
            1.0
        ]
    ],
    "infidelity_basic": [
        [
            1.0,
            0.07019359052334373,
            0.08591166947986473,
            1.0
        ],
        [
            0.08027044243827097,
            1.0,
            0.13066025056280828,
            1.0
        ],
        [
            1.0,
            0.0709456718909588,
            1.0,
            0.255633684533354
        ],
        [
            1.0,
            0.1708681032710494,
            1.0,
            1.0
        ]
    ],
    "infidelity_w": [
        [
            1.0,
            1.0,
            1.0,
            1.0
        ],
        [
            0.11292094268216701,
            1.0,
            1.0,
            1.0
        ],
        [
            1.0,
            1.0,
            0.28412188074716793,
            1.0
        ],
        [
            1.0,
            1.0,
            1.0,
            0.38662212119894956
        ]
    ],
    "infidelity_w_to_GHZ_distil": [
        [
            0.23810901711924415,
            1.0,
            1.0,
            1.0
        ],
        [
            1.0,
            0.4096041589354138,
            1.0,
            1.0
        ],
        [
            1.0,
            1.0,
            1.0,
            1.0
        ],
        [
            1.0,
            1.0,
            1.0,
            1.0
        ]
    ],
    "success_bell_sc": [
        [
            0.012048141065850317,
            0.0,
            0.0006825914968809577,
            0.0
        ],
        [
            0.030302972504586884,
            0.052631378173828125,
            0.055555399921205305,
            0.0
        ],
        [
            0.0,
            0.0,
            0.0769229714687054,
            0.0
        ],
        [
            0.0,
            0.0,
            0.04999982714653015,
            0.0
        ]
    ],
    "success_basic": [
        [
            0.0,
            0.004201669652922815,
            0.0043478074281112005,
            0.0
        ],
        [
            0.0006134934951922645,
            0.0,
            0.015151460965474447,
            0.0
        ],
        [
            0.0,
            0.007518767414236427,
            0.0,
            0.02702690620680113
        ],
        [
            0.0,
            0.00925923000883173,
            0.0,
            0.0
        ]
    ],
    "success_w": [
        [
            0.0,
            0.0,
            0.0,
            0.0
        ],
        [
            0.019999890327453612,
            0.0,
            0.0,
            0.0
        ],
        [
            0.0,
            0.0,
            0.06666622956593832,
            0.0
        ],
        [
            0.0,
            0.0,
            0.0,
            0.14285659790039062
        ]
    ],
    "success_w_to_GHZ_distil": [
        [
            0.16666580239931741,
            0.0,
            0.0,
            0.0
        ],
        [
            0.0,
            0.06666626135508219,
            0.0,
            0.0
        ],
        [
            0.0,
            0.0,
            0.0,
            0.0
        ],
        [
            0.0,
            0.0,
            0.0,
            0.0
        ]
    ],
    "statistics_bell_sc": [
        [
            {
                "p_link": [
                    0.00365
                ],
                "F_link": [
                    0.8967394042460807
                ],
                "t_link": [
                    0.00365
                ]
            },
            {
                "p_link": [],
                "F_link": [],
                "t_link": []
            },
            {
                "p_link": [
                    0.00369
                ],
                "F_link": [
                    0.5978963847796438
                ],
                "t_link": [
                    0.00369
                ]
            },
            {
                "p_link": [],
                "F_link": [],
                "t_link": []
            }
        ],
        [
            {
                "p_link": [
                    0.00376
                ],
                "F_link": [
                    0.8993505407290601
                ],
                "t_link": [
                    0.00376
                ]
            },
            {
                "p_link": [
                    0.00361
                ],
                "F_link": [
                    0.8989960741001568
                ],
                "t_link": [
                    0.00361
                ]
            },
            {
                "p_link": [
                    0.0036000000000000003
                ],
                "F_link": [
                    0.506280385757448
                ],
                "t_link": [
                    0.0036000000000000003
                ]
            },
            {
                "p_link": [],
                "F_link": [],
                "t_link": []
            }
        ],
        [
            {
                "p_link": [],
                "F_link": [],
                "t_link": []
            },
            {
                "p_link": [],
                "F_link": [],
                "t_link": []
            },
            {
                "p_link": [
                    0.00353
                ],
                "F_link": [
                    0.41217548809483434
                ],
                "t_link": [
                    0.00353
                ]
            },
            {
                "p_link": [],
                "F_link": [],
                "t_link": []
            }
        ],
        [
            {
                "p_link": [],
                "F_link": [],
                "t_link": []
            },
            {
                "p_link": [],
                "F_link": [],
                "t_link": []
            },
            {
                "p_link": [
                    0.00357
                ],
                "F_link": [
                    0.6442939316363382
                ],
                "t_link": [
                    0.00357
                ]
            },
            {
                "p_link": [],
                "F_link": [],
                "t_link": []
            }
        ]
    ],
    "statistics_basic": [
        [
            {
                "p_link": [],
                "F_link": [],
                "t_link": []
            },
            {
                "p_link": [
                    0.00381
                ],
                "F_link": [
                    0.9298064094766563
                ],
                "t_link": [
                    0.00381
                ]
            },
            {
                "p_link": [
                    0.00354
                ],
                "F_link": [
                    0.9140883305201353
                ],
                "t_link": [
                    0.00354
                ]
            },
            {
                "p_link": [],
                "F_link": [],
                "t_link": []
            }
        ],
        [
            {
                "p_link": [
                    0.01716
                ],
                "F_link": [
                    0.919729557561729
                ],