{
    "x_positions": [
        0,
        1,
        2,
        3,
        4,
        5,
        6,
        7
    ],
    "raw_p": [
        0.001540796087300688,
        0.002906688511682002,
        0.0047503558794228015,
        0.005923078837335185,
        0.006516313465501474,
        0.006923683639621851,
        0.006989139271898439,
        0.007127343750000002
    ],
    "raw_inf": [
        0.11606803668413468,
        0.09795989840051433,
        0.07910645669279281,
        0.05972337338856071,
        0.04377516814426219,
        0.040187707787171956,
        0.025730245022576592,
        0.02547749080052497
    ],
    "dc_state_p": [
        0.0017081763898064762,
        0.0064121882433359105,
        0.018100440333870364,
        0.029541769406257887,
        0.03738675242440625,
        0.04233598829129125,
        0.04496854112607119,
        0.04681254167361141
    ],
    "dc_state_inf": [
        0.06586411394176972,
        0.05362791643538789,
        0.04122046794954015,
        0.026848936648033783,
        0.016013098006263826,
        0.010209512149809474,
        0.001170385773819893,
        0.0011653903350954398
    ],
    "basic_state_p": [
        0.001587299316648453,
        0.0008438799451675093,
        0.0028818311540125424,
        0.007042219941045197,
        0.0016694420168117212,
        0.002570690256770901,
        0.005586593510718319,
        0.0017699020098795933
    ],
    "basic_state_inf": [
        0.07015962882339744,
        0.06087162135760393,
        0.0457713627099392,
        0.029830297445251786,
        0.01975088779741796,
        0.013392386471469675,
        0.005293508507866251,
        0.004817220697215574
    ],
    "w_state_p": [
        0,
        0.0666663646697998,
        0,
        0,
        0,
        0,
        0,
        0.026315651441875254
    ],
    "w_state_inf": [
        1,
        0.06400287307424035,
        1,
        1,
        1,
        1,
        1,
        0.012517740926811904
    ],
    "bell_sc_distilled_state_p": [
        0.0020080196809577175,
        0,
        0.005714259147644043,
        0,
        0,
        0,
        0,
        0
    ],
    "bell_sc_distilled_state_inf": [
        0.09357494452055948,
        1,
        0.06101392471637124,
        1,
        1,
        1,
        1,
        1
    ],
    "bell_dc_distilled_state_p": [
        0,
        0,
        0,
        0.006249982491135598,
        0,
        0,
        0.010204076766967773,
        0.09090905839746649
    ],
    "bell_dc_distilled_state_inf": [
        1,
        1,
        1,
        0.05152945814863785,
        1,
        1,
        0.0053260063163702576,
        0.005285979433362842
    ],
    "pnr_raw_p": [
        0.001504784249654959,
        0.0028131399258696007,
        0.004554399744000002,
        0.005650254802125001,
        0.006202093600072267,
        0.00657921868700985,
        0.006641036925187502,
        0.006768750000000001
    ],
    "pnr_raw_inf": [
        0.10555459319277882,
        0.08308569584770886,
        0.059506108147631576,
        0.03729274196936838,
        0.01985438672518991,
        0.015385153660545603,
        0.000525384121072836,
        -1.5000005681997663e-09
    ],
    "pnr_dc_state_p": [
        0.0017081763898064762,
        0.0064121882433359105,
        0.018100440333870364,
        0.029541769406257887,
        0.03738675242440625,
        0.04233598829129125,
        0.04496854112607119,
        0.04681254167361141
    ],
    "pnr_dc_state_inf": [
        0.06586411394176972,
        0.05362791643538789,
        0.04122046794954015,
        0.026848936648033783,
        0.016013098006263826,
        0.010209512149809474,
        0.001170385773819893,
        0.0011653903350954398
    ],
    "pnr_basic_state_p": [
        0,
        0,
        0.006060585108670321,
        0.001572322170689421,
        0.001883230528140023,
        0.003225787416581185,
        0.006849287307425721,
        0.005102022570006701
    ],
    "pnr_basic_state_inf": [
        1,
        1,
        0.045890614796610274,
        0.02970584694618139,
        0.01984101440906305,
        0.013607271657290143,
        0.004233997207994555,
        0.004279820859485195
    ],
    "pnr_w_state_p": [
        0,
        0.0013831161364480174,
        0.0037313268255831588,
        0.00507612579365067,
        0,
        0.006097527538857809,
        0.0013422763587644436,
        0.013513416051864624
    ],
    "pnr_w_state_inf": [
        1,
        0.05946212288275332,
        0.041121323452491865,
        0.025965267271121584,
        1,
        0.011919140547447471,
        0.006694140336955479,
        0.005977383009493464
    ],
    "pnr_bell_sc_distilled_state_p": [
        0.0005133453397045879,
        0,
        0.005181322752502916,
        0,
        0,
        0.025640830015524838,
        0,
        0.0019801916462360044
    ],
    "pnr_bell_sc_distilled_state_inf": [
        0.10012822847778868,
        1,
        0.06562577610075015,
        1,
        1,
        0.02036367901020253,
        1,
        0.004207750798058241
    ],
    "pnr_bell_dc_distilled_state_p": [
        0,
        0.002369657511959709,
        0.001369858931188714,
        0,
        0,
        0.07692284767444317,
        0.01515141400423917,
        0.004999986290931702
    ],
    "pnr_bell_dc_distilled_state_inf": [
        1,
        0.11091278960197903,
        0.08779975917843197,
        1,
        1,
        0.027622070196224646,
        0.004856831973728104,
        0.0048415805565510395
    ]
}