{
    "alpha_range": [
        0.05,
        0.175,
        0.3,
        0.42499999999999993
    ],
    "alpha_distill_range": [
        0.05,
        0.175,
        0.3,
        0.42499999999999993
    ],
    "infidelity_bell_sc": [
        [
            1.0,
            0.10672534052488059,
            1.0,
            1.0
        ],
        [
            0.10044642761850597,
            0.1006625189862752,
            1.0,
            1.0
        ],
        [
            1.0,
            1.0,
            0.1955901916774423,
            0.10197872082399662
        ],
        [
            1.0,
            0.10181312154905997,
            1.0,
            0.3333548249579039
        ]
    ],
    "infidelity_basic": [
        [
            1.0,
            1.0,
            0.07030188770407797,
            1.0
        ],
        [
            0.07121558327693522,
            1.0,
            1.0,
            0.12244461856756383
        ],
        [
            0.07091951947912367,
            0.10103683476160508,
            1.0,
            1.0
        ],
        [
            1.0,
            1.0,
            1.0,
            1.0
        ]
    ],
    "infidelity_w": [
        [
            1.0,
            0.1463451832110425,
            1.0,
            1.0
        ],
        [
            1.0,
            0.16937719169089516,
            0.23434942736387,
            1.0
        ],
        [
            1.0,
            1.0,
            1.0,
            0.3183503403851635
        ],
        [
            1.0,
            1.0,
            1.0,
            1.0
        ]
    ],
    "infidelity_w_to_GHZ_distill": [
        [
            1.0,
            1.0,
            1.0,
            1.0
        ],
        [
            1.0,
            1.0,
            1.0,
            1.0
        ],
        [
            1.0,
            1.0,
            1.0,
            0.5853645363058932
        ],
        [
            1.0,
            0.5433717449751118,
            1.0,
            1.0
        ]
    ],
    "success_bell_sc": [
        [
            0.0,
            0.015872959106687515,
            0.0,
            0.0
        ],
        [
            0.009615355959305396,
            0.027777635388904147,
            0.0,
            0.0
        ],
        [
            0.0,
            0.0,
            0.062499694526195526,
            0.06666659514109294
        ],
        [
            0.0,
            0.026315706340890182,
            0.0,
            0.0999996304512024
        ]
    ],
    "success_basic": [
        [
            0.0,
            0.0,
            0.006289311175076467,
            0.0
        ],
        [
            0.0014326587789038191,
            0.0,
            0.0,
            0.017241304290705712
        ],
        [
            0.0027100225774253288,
            0.011235898800110548,
            0.0,
            0.0
        ],
        [
            0.0,
            0.0,
            0.0,
            0.0
        ]
    ],
    "success_w": [
        [
            0.0,
            0.0014641219490967245,
            0.0,
            0.0
        ],
        [
            0.0,
            0.007873963183305395,
            0.09090871702541005,
            0.0
        ],
        [
            0.0,
            0.0,
            0.0,
            0.03999979496002198
        ],
        [
            0.0,
            0.0,
            0.0,
            0.0
        ]
    ],
    "success_w_to_GHZ_distill": [
        [
            0.0,
            0.0,
            0.0,
            0.0
        ],
        [
            0.0,
            0.0,
            0.0,
            0.0
        ],
        [
            0.0,
            0.0,
            0.0,
            0.09999947547912598
        ],
        [
            0.0,
            0.19999898672103883,
            0.0,
            0.0
        ]
    ],
    "statistics_bell_sc": [
        [
            {
                "p_link": [],
                "F_link": [],
                "t_link": []
            },
            {
                "p_link": [
                    0.00376
                ],
                "F_link": [
                    0.8932746594751194
                ],
                "t_link": [
                    0.00376
                ]
            },
            {
                "p_link": [],
                "F_link": [],
                "t_link": []
            },
            {
                "p_link": [],
                "F_link": [],
                "t_link": []
            }
        ],
        [
            {
                "p_link": [
                    0.00391
                ],
                "F_link": [
                    0.899553572381494
                ],
                "t_link": [
                    0.00391
                ]
            },
            {
                "p_link": [
                    0.00359
                ],
                "F_link": [
                    0.8993374810137248
                ],
                "t_link": [
                    0.00359
                ]
            },
            {
                "p_link": [],
                "F_link": [],
                "t_link": []
            },
            {
                "p_link": [],
                "F_link": [],
                "t_link": []
            }
        ],
        [
            {
                "p_link": [],
                "F_link": [],
                "t_link": []
            },
            {
                "p_link": [],
                "F_link": [],
                "t_link": []
            },
            {
                "p_link": [
                    0.0035800000000000003
                ],
                "F_link": [
                    0.8044098083225577
                ],
                "t_link": [
                    0.0035800000000000003
                ]
            },
            {
                "p_link": [
                    0.00354
                ],
                "F_link": [
                    0.8980212791760034
                ],
                "t_link": [
                    0.00354
                ]
            }
        ],
        [
            {
                "p_link": [],
                "F_link": [],
                "t_link": []
            },
            {
                "p_link": [
                    0.00363
                ],
                "F_link": [
                    0.89818687845094
                ],
                "t_link": [
                    0.00363
                ]
            },
            {
                "p_link": [],
                "F_link": [],
                "t_link": []
            },
            {
                "p_link": [
                    0.0035600000000000002
                ],
                "F_link": [
                    0.6666451750420961
                ],
                "t_link": [
                    0.0035600000000000002
                ]
            }
        ]
    ],
    "statistics_basic": [
        [
            {
                "p_link": [],
                "F_link": [],
                "t_link": []
            },
            {
                "p_link": [],
                "F_link": [],
                "t_link": []
            },
            {
                "p_link": [
                    0.0038
                ],
                "F_link": [
                    0.929698112295922
                ],
                "t_link": [
                    0.0038
                ]
            },
            {
                "p_link": [],
                "F_link": [],
                "t_link": []
            }
        ],
        [
            {
                "p_link": [
                    0.0102
                ],
                "F_link": [
                    0.9287844167230648
                ],
                "t_link": [
                    0.0102
                ]
            },
            {
                "p_link": [],
                "F_link": [],