{
    "p_DE": [
        0.01,
        0.008,
        0.006,
        0.004,
        0.002,
        0.001,
        0.0005,
        0.0001,
        0.0
    ],
    "raw_p": [
        0.0015120605602767217,
        0.0015120605602767217,
        0.0015120605602767217,
        0.0015120605602767217,
        0.0015120605602767217,
        0.0015120605602767217,
        0.0015120605602767217,
        0.0015120605602767217,
        0.0015120605602767217
    ],
    "raw_inf": [
        0.09246084160606549,
        0.08894887327724277,
        0.0854075652197629,
        0.08183691475278776,
        0.07823692454370657,
        0.07642593029349298,
        0.07551768460778718,
        0.0747897692959184,
        0.07460760737290295
    ],
    "dc_state_p": [
        0.0017714808151082125,
        0.0017714808151082125,
        0.0017714808151082125,
        0.0017714808151082125,
        0.0017714808151082125,
        0.0017714808151082125,
        0.0017714808151082125,
        0.0017714808151082125,
        0.0017714808151082125
    ],
    "dc_state_inf": [
        0.053638917052056256,
        0.046714443370760694,
        0.039642232546609035,
        0.03242069737922049,
        0.025048272615511458,
        0.02130499481251147,
        0.019419006533171412,
        0.0179033070277963,
        0.01752342101827775
    ],
    "basic_state_p": [
        0.00045085453148679326,
        0.0003688656417525857,
        0.00036791581016327194,
        0.0012284999104624004,
        0.0011363613334569064,
        0.0003194877895684288,
        0.002145920444455781,
        0,
        0.0013698612990444654
    ],
    "basic_state_inf": [
        0.059841996979300704,
        0.05332135162613216,
        0.048593327244495055,
        0.03570219076243264,
        0.028036814930069598,
        0.027088041281042363,
        0.02464015992988755,
        1,
        0.020477825082477752
    ],
    "w_state_p": [
        0,
        0,
        0.01369855665180781,
        0.0045044773870760255,
        0,
        0,
        0,
        0,
        0.0013966397200216795
    ],
    "w_state_inf": [
        1,
        1,
        0.06574964603584199,
        0.06219062331195557,
        1,
        1,
        1,
        1,
        0.05503287363833209
    ],
    "bell_sc_distilled_state_p": [
        0.0029325450270756247,
        0,
        0.0006031340080233621,
        0.004132214410245911,
        0.005681793120774356,
        0.006329105624669715,
        0,
        0,
        0
    ],
    "bell_sc_distilled_state_inf": [
        0.06948265964934741,
        1,
        0.059190240203027544,
        0.048683335635833824,
        0.04137440631037137,
        0.03776463331340252,
        1,
        1,
        1
    ],
    "bell_dc_distilled_state_p": [
        0,
        0,
        0.0011299406067799714,
        0.005555526084370084,
        0.009433933024136525,
        0.002114156839963498,
        0.0014164240941109806,
        0,
        0.002330990104408531
    ],
    "bell_dc_distilled_state_inf": [
        1,
        1,
        0.0730726571599647,
        0.0630661163027999,
        0.052656540751760406,
        0.04733855536116294,
        0.04466093237894664,
        1,
        0.042021350883724606
    ],
    "pnr_raw_p": [
        0.001477235398552813,
        0.001477235398552813,
        0.001477235398552813,
        0.001477235398552813,
        0.001477235398552813,
        0.001477235398552813,
        0.001477235398552813,
        0.001477235398552813,
        0.001477235398552813
    ],
    "pnr_raw_inf": [
        0.081826685447284,
        0.07827356080280046,
        0.07469075257826852,
        0.07107825812792101,
        0.06743608000476287,
        0.06560386297613063,
        0.06468497367126091,
        0.06394852797583106,
        0.0637642312972162
    ],
    "pnr_dc_state_p": [
        0.0017702605220192135,
        0.0017702605220192135,
        0.0017702605220192135,
        0.0017702605220192135,
        0.0017702605220192135,
        0.0017702605220192135,
        0.0017702605220192135,
        0.0017702605220192135,
        0.0017702605220192135
    ],
    "pnr_dc_state_inf": [
        0.0533985981468027,
        0.04647111598137865,
        0.039395841783875674,
        0.03217118809437802,
        0.024795589443990074,
        0.021050703826355655,
        0.019163906494016114,
        0.01764755721036604,
        0.017267508432073475
    ],
    "pnr_basic_state_p": [
        0,
        0,
        0,
        0,
        0.0007656923114431945,
        0.00037495049368275834,
        0.0005662498630726729,
        0.0024813756753434024,
        0.0008880962910491239
    ],
    "pnr_basic_state_inf": [
        1,
        1,
        1,
        1,
        0.028498447921417203,
        0.02706875417604926,
        0.02355808074430965,
        0.021024796945993796,
        0.020532141812295457
    ],
    "pnr_w_state_p": [
        0.002506246841640998,
        0.0014749160558424868,
        0,
        0.0037036851600364402,
        0.001628655661200856,
        0,
        0,
        0,
        0
    ],
    "pnr_w_state_inf": [
        0.06951400620177006,
        0.06607675679563862,
        1,
        0.05902256266524375,
        0.05551736150276765,
        1,
        1,
        1,
        1
    ],
    "pnr_bell_sc_distilled_state_p": [
        0,
        0.0124999538064003,
        0,
        0,
        0.0005096830845365223,
        0.011627877867499062,
        0,
        0,
        0.0009478645302108114
    ],
    "pnr_bell_sc_distilled_state_inf": [
        1,
        0.06889926280287773,
        1,
        1,
        0.04813781813614093,
        0.046284929940245356,
        1,
        1,
        0.04091518806466243
    ],
    "pnr_bell_dc_distilled_state_p": [
        0,
        0.0005227370344402275,
        0,
        0,
        0,
        0.00035211129087797357,
        0.020408053787387144,
        0,
        0
    ],
    "pnr_bell_dc_distilled_state_inf": [
        1,
        0.09431085387579541,
        1,
        1,
        1,
        0.060516045939495555,
        0.057929233225012755,
        1,
        1
    ]
}