{
    "alpha_range": [
        0.05,
        0.175,
        0.3,
        0.42499999999999993
    ],
    "alpha_distill_range": [
        0.05,
        0.175,
        0.3,
        0.42499999999999993
    ],
    "infidelity_bell_sc": [
        [
            1.0,
            1.0,
            1.0,
            1.0
        ],
        [
            0.10063615741906695,
            1.0,
            1.0,
            1.0
        ],
        [
            0.12608107323070705,
            0.19341465255678736,
            1.0,
            1.0
        ],
        [
            1.0,
            1.0,
            1.0,
            0.1038796579038388
        ]
    ],
    "infidelity_basic": [
        [
            1.0,
            0.07027958575514814,
            1.0,
            0.07093584207960046
        ],
        [
            1.0,
            1.0,
            0.07073065964906933,
            1.0
        ],
        [
            1.0,
            1.0,
            1.0,
            1.0
        ],
        [
            1.0,
            1.0,
            0.25560914924433087,
            1.0
        ]
    ],
    "infidelity_w": [
        [
            0.0801815912980206,
            0.14943045076696904,
            1.0,
            1.0
        ],
        [
            1.0,
            1.0,
            1.0,
            0.29838276440264444
        ],
        [
            1.0,
            1.0,
            1.0,
            0.33762721363484616
        ],
        [
            1.0,
            1.0,
            1.0,
            1.0
        ]
    ],
    "infidelity_w_to_GHZ": [
        [
            1.0,
            1.0,
            1.0,
            1.0
        ],
        [
            1.0,
            1.0,
            1.0,
            1.0
        ],
        [
            1.0,
            1.0,
            1.0,
            1.0
        ],
        [
            1.0,
            1.0,
            1.0,
            1.0
        ]
    ],
    "success_bell_sc": [
        [
            0.0,
            0.0,
            0.0,
            0.0
        ],
        [
            0.02857135363987514,
            0.0,
            0.0,
            0.0
        ],
        [
            0.024390190112881543,
            0.027026930370846313,
            0.0,
            0.0
        ],
        [
            0.0,
            0.0,
            0.0,
            0.05882340669631958
        ]
    ],
    "success_basic": [
        [
            0.0,
            0.000863555078885304,
            0.0,
            0.0010683750494932518
        ],
        [
            0.0,
            0.0,
            0.04347811315370643,
            0.0
        ],
        [
            0.0,
            0.0,
            0.0,
            0.0
        ],
        [
            0.0,
            0.0,
            0.04545441540804777,
            0.0
        ]
    ],
    "success_w": [
        [
            0.02702685948964712,
            0.0076335677663788536,
            0.0,
            0.0
        ],
        [
            0.0,
            0.0,
            0.0,
            0.013333277702331545
        ],
        [
            0.0,
            0.0,
            0.0,
            0.020408096362133414
        ],
        [
            0.0,
            0.0,
            0.0,
            0.0
        ]
    ],
    "success_w_to_GHZ": [
        [
            0.0,
            0.0,
            0.0,
            0.0
        ],
        [
            0.0,
            0.0,
            0.0,
            0.0
        ],
        [
            0.0,
            0.0,
            0.0,
            0.0
        ],
        [
            0.0,
            0.0,
            0.0,
            0.0
        ]
    ],
    "statistics_bell_sc": [
        [
            {
                "p_link": [],
                "F_link": [],
                "t_link": []
            },
            {
                "p_link": [],
                "F_link": [],
                "t_link": []
            },
            {
                "p_link": [],
                "F_link": [],
                "t_link": []
            },
            {
                "p_link": [],
                "F_link": [],
                "t_link": []
            }
        ],
        [
            {
                "p_link": [
                    0.0037
                ],
                "F_link": [
                    0.899363842580933
                ],
                "t_link": [
                    0.0037
                ]
            },
            {
                "p_link": [],
                "F_link": [],
                "t_link": []
            },
            {
                "p_link": [],
                "F_link": [],
                "t_link": []
            },
            {
                "p_link": [],
                "F_link": [],
                "t_link": []
            }
        ],
        [
            {
                "p_link": [
                    0.00374
                ],
                "F_link": [
                    0.873918926769293
                ],
                "t_link": [
                    0.00374
                ]
            },
            {
                "p_link": [
                    0.0035800000000000003
                ],
                "F_link": [
                    0.8065853474432126
                ],
                "t_link": [
                    0.0035800000000000003
                ]
            },
            {
                "p_link": [],
                "F_link": [],
                "t_link": []
            },
            {
                "p_link": [],
                "F_link": [],
                "t_link": []
            }
        ],
        [
            {
                "p_link": [],
                "F_link": [],
                "t_link": []
            },
            {
                "p_link": [],
                "F_link": [],
                "t_link": []
            },
            {
                "p_link": [],
                "F_link": [],
                "t_link": []
            },
            {
                "p_link": [
                    0.00357
                ],
                "F_link": [
                    0.8961203420961612
                ],
                "t_link": [
                    0.00357
                ]
            }
        ]
    ],
    "statistics_basic": [
        [
            {
                "p_link": [],
                "F_link": [],
                "t_link": []
            },
            {
                "p_link": [
                    0.00428
                ],
                "F_link": [
                    0.9297204142448519
                ],
                "t_link": [
                    0.00428
                ]
            },
            {
                "p_link": [],
                "F_link": [],
                "t_link": []
            },
            {
                "p_link": [
                    0.00354
                ],
                "F_link": [
                    0.9290641579203995
                ],
                "t_link": [
                    0.00354
                ]
            }
        ],
        [
            {
                "p_link": [],
                "F_link": [],
                "t_link": []
            },
            {
                "p_link": [],
                "F_link": [],
                "t_link": []
            },
            {
                "p_link": [
                    0.00357
                ],
                "F_link": [
                    0.9292693403509307
                ],
                "t_link": [
                    0.00357
                ]
            },
            {
                "p_link": [],
                "F_link": [],
                "t_link": []
            }
        ],
        [
            {
                "p_link": [],
                "F_link": [],
                "t_link": []
            },
            {
                "p_link": [],
                "F_link": [],