{
  "coherence_times": [
    10,
    50,
    100,
    250,
    500,
    1000,
    2500,
    5000,
    10000,
    25000,
    50000,
    100000
  ],
  "raw_state_p": [
    0.001540796087300688,
    0.001540796087300688,
    0.001540796087300688,
    0.001540796087300688,
    0.001540796087300688,
    0.001540796087300688,
    0.001540796087300688,
    0.001540796087300688,
    0.001540796087300688,
    0.001540796087300688,
    0.001540796087300688,
    0.001540796087300688
  ],
  "raw_state_inf": [
    0.11606803668413468,
    0.11606803668413468,
    0.11606803668413468,
    0.11606803668413468,
    0.11606803668413468,
    0.11606803668413468,
    0.11606803668413468,
    0.11606803668413468,
    0.11606803668413468,
    0.11606803668413468,
    0.11606803668413468,
    0.11606803668413468
  ],
  "dc_state_p": [
    0.0017068909160472075,
    0.0017068909160472075,
    0.0017068909160472075,
    0.0017068909160472075,
    0.0017068909160472075,
    0.0017068909160472075,
    0.0017068909160472075,
    0.0017068909160472075,
    0.0017068909160472075,
    0.0017068909160472075,
    0.0017068909160472075,
    0.0017068909160472075
  ],
  "dc_state_inf": [
    0.06560380743606986,
    0.06560380743606986,
    0.06560380743606986,
    0.06560380743606986,
    0.06560380743606986,
    0.06560380743606986,
    0.06560380743606986,
    0.06560380743606986,
    0.06560380743606986,
    0.06560380743606986,
    0.06560380743606986,
    0.06560380743606986
  ],
  "basic_state_p": [
    0.0008710579166295389,
    0.0011902203223858679,
    0.00072292557625402,
    0.0031031556302438643,
    0.002137299083442568,
    0.0011616902197792516,
    0.0007947483073968527,
    0.001294540044033527,
    0.001820164992509322,
    0.0008627186759870101,
    0.0014462805524433314,
    0.0009551749913458256
  ],
  "basic_state_inf": [
    0.0734228256143713,
    0.07113748838714817,
    0.07073739658341716,
    0.07122962594659121,
    0.07053783440717287,
    0.0702112330645086,
    0.07020422126274428,
    0.07052017158133328,
    0.07067794318699194,
    0.06962102711673235,
    0.07067694325653218,
    0.07019670776381781
  ],
  "w_state_p": [
    0,
    0,
    0.001430661675351727,
    0.003553981488878519,
    0.002146416037705382,
    0.007245505638722854,
    0.0010625954793986008,
    0.005818503256682287,
    0.0068425811261531005,
    0.007818184937905278,
    0.006023743382920196,
    0.04166649281978607
  ],
  "w_state_inf": [
    1.0,
    1.0,
    0.07924299772531773,
    0.07917923728560616,
    0.079158040112153,
    0.079147894350732,
    0.07914126633154228,
    0.07913938957326816,
    0.07913802240265122,
    0.07913754516614813,
    0.07913718110497892,
    0.07913717303193069
  ],
  "bell_sc_distilled_state_p": [
    0,
    0.0037174617047646672,
    0.0009150749113786786,
    0.00803919588700422,
    0.004997524657844766,
    0.0017032609757521204,
    0.0006884786046149789,
    0.0019987558961135896,
    0.0027173768890940623,
    0,
    0.001981955616996464,
    0.001126123978210999
  ],
  "bell_sc_distilled_state_inf": [
    1.0,
    0.09301244632798245,
    0.08976307033133168,
    0.09290487249739199,
    0.0897051967028828,
    0.0912918190579326,
    0.09288154046368657,
    0.09128637219722013,
    0.08969160134670895,
    1.0,
    0.09128488455580741,
    0.8304687859416229
  ],
  "bell_dc_distilled_state_p": [
    0.002774058671218727,
    0.0026166924374322613,
    0.008131390065872539,
    0.0007262594120048683,
    0.00176609829415714,
    0.005476898597054439,
    0.0015187830840061593,
    0.0035097597667277693,
    0.0024637505802247604,
    0.001913472580511945,
    0.0012447293867364267,
    0.004569549412933577
  ],
  "bell_dc_distilled_state_inf": [
    0.5512658909309811,
    0.11507078947834093,
    0.11493116700914119,
    0.11493511257987499,
    0.11493523889707291,
    0.11492914305788304,
    0.11495187647469507,
    0.11491166455292812,
    0.33304520513597313,
    0.11494991562717849,
    0.11487078350790769,
    0.11491011389874828
  ],
  "pnr_raw_state_p": [
    0.001504784249654959,
    0.001504784249654959,
    0.001504784249654959,
    0.001504784249654959,
    0.001504784249654959,
    0.001504784249654959,
    0.001504784249654959,
    0.001504784249654959,
    0.001504784249654959,
    0.001504784249654959,
    0.001504784249654959,
    0.001504784249654959
  ],
  "pnr_raw_state_inf": [
    0.10555459319277882,
    0.10555459319277882,
    0.10555459319277882,
    0.10555459319277882,
    0.10555459319277882,
    0.10555459319277882,
    0.10555459319277882,
    0.10555459319277882,
    0.10555459319277882,
    0.10555459319277882,
    0.10555459319277882,
    0.10555459319277882
  ],
  "pnr_dc_state_p": [
    0.0017068909160472075,
    0.0017068909160472075,
    0.0017068909160472075,
    0.0017068909160472075,
    0.0017068909160472075,
    0.0017068909160472075,
    0.0017068909160472075,
    0.0017068909160472075,
    0.0017068909160472075,
    0.0017068909160472075,
    0.0017068909160472075,
    0.0017068909160472075
  ],
  "pnr_dc_state_inf": [
    0.06560380743606986,
    0.06560380743606986,
    0.06560380743606986,
    0.06560380743606986,
    0.06560380743606986,
    0.06560380743606986,
    0.06560380743606986,
    0.06560380743606986,
    0.06560380743606986,
    0.06560380743606986,
    0.06560380743606986,
    0.06560380743606986
  ],
  "pnr_basic_state_p": [
    0.0012576574549223252,
    0.0004164639590197284,
    0.0008523217043904033,
    0.004389215626703149,
    0.0040554520681993726,
    0.00077135709180296,
    0.001410479865381841,
    0.0008348746577698872,
    0.002010396486554988,
    0.0007837922511529642,
    0.0014120919423340345,
    0.0011760266872282358
  ],
  "pnr_basic_state_inf": [
    0.07067938319833589,
    0.07074849528962979,
    0.07003803726115887,
    0.06955554002306508,
    0.06970536191442778,
    0.07016607023755983,
    0.06943499645244511,
    0.06967061031012711,
    0.06966787997566104,
    0.06919202480702835,
    0.0691912805462257,
    0.06990415807661554
  ],
  "pnr_w_state_p": [
    0.0009950193006600906,
    0.0014861334467896074,
    0,
    0.022727119651707737,
    0.0011342632879923515,
    0.002910532902449263,
    0.003605635489900337,
    0,
    0.023809381893702915,
    0.031249869614839554,
    0.0031125614407610243,
    0.0020113032310902284
  ],
  "pnr_w_state_inf": [
    0.07685490098276437,
    0.07599634641953534,
    1.0,
    0.07581203871909259,
    0.07579176183617886,
    0.07578084310369892,
    0.07577444611720152,
    1.0,
    0.07577102060455698,
    0.07577039998273094,
    0.07577013398579857,
    0.0757700775708473
  ],
  "pnr_bell_sc_distilled_state_p": [
    0.026908593740775356,
    0.006134942265375992,
    0.002210669634992902,
    0.001208202707473265,
    0.008857031871120575,
    0.006593326222808183,
    0.00203686843296474,
    0.006382188000763581,
    0.0013751338196035866,
    0.0026321541600054306,
    0.0015121148914842173,
    0.0009025245474564039
  ],
  "pnr_bell_sc_distilled_state_inf": [
    0.09275469695171967,
    0.08982486347349583,
    0.09215053933942896,
    0.09131405558953276,
    0.27648905753139175,
    0.09129167122142001,
    0.09181875345513213,
    0.0918175997000713,
    0.27568281901842606,
    0.09075382042607816,
    0.09181615331292026,
    0.0896908812572963
  ],
  "pnr_bell_dc_distilled_state_p": [
    0.0021141527697116635,
    0.009738056594705582,
    0.0031055689598462593,
    0.005917149182607436,
    0.002713046900765863,
    0.0012121158657651958,
    0.004331633446785104,
    0.0004488300913326188,
    0.0036367835235545714,
    0.0032613990081782596,
    0.0033923536546501772,
    0.003947779589353816
  ],