{
    "infidelity_bell_sc": [
        [
            1.0,
            1.0,
            0.09096500550166586,
            1.0,
            1.0
        ],
        [
            0.09716844268675573,
            1.0,
            1.0,
            0.14379298224241377,
            0.09198431301599674
        ],
        [
            1.0,
            0.12252446240720749,
            1.0,
            0.09189092945033384,
            0.09248656060407323
        ],
        [
            1.0,
            0.8259912259043701,
            1.0,
            1.0,
            0.09303543351212884
        ],
        [
            1.0,
            0.17101105601156708,
            1.0,
            1.0,
            1.0
        ]
    ],
    "infidelity_basic": [
        [
            0.15056855662780533,
            0.07020094297910995,
            0.07013370650971074,
            1.0,
            0.07121769868972039
        ],
        [
            0.6698800250903225,
            0.07025337141461607,
            1.0,
            0.1032670345041442,
            0.0709270395759749
        ],
        [
            1.0,
            0.08964052379852672,
            1.0,
            1.0,
            0.07117444326671896
        ],
        [
            1.0,
            0.07060416374577005,
            1.0,
            1.0,
            0.2415556021558326
        ],
        [
            1.0,
            1.0,
            1.0,
            0.07148947732369404,
            1.0
        ]
    ],
    "infidelity_w": [
        [
            1.0,
            0.09757610707061093,
            1.0,
            1.0,
            1.0
        ],
        [
            0.0700391518152429,
            1.0,
            1.0,
            1.0,
            0.2697561775915389
        ],
        [
            0.09368646041052842,
            1.0,
            1.0,
            1.0,
            1.0
        ],
        [
            1.0,
            0.1809588357910038,
            1.0,
            1.0,
            0.32880614621081106
        ],
        [
            1.0,
            1.0,
            0.27283602811181873,
            1.0,
            0.3669696374328024
        ]
    ],
    "success_bell_sc": [
        [
            0.0,
            0.0,
            8.219518003449855e-07,
            0.0,
            0.0
        ],
        [
            0.00027292480440118945,
            0.0,
            0.0,
            0.003999990940093994,
            0.009345770439254903
        ],
        [
            0.0,
            0.025640975206326216,
            0.0,
            0.010526284418608013,
            0.020833260069290795
        ],
        [
            0.0,
            0.04999983310699463,
            0.0,
            0.0,
            0.026315689086914062
        ],
        [
            0.0,
            0.03846137798749484,
            0.0,
            0.0,
            0.0
        ]
    ],
    "success_basic": [
        [
            4.2311188426562957e-07,
            1.155428763292105e-06,
            5.829324099415112e-07,
            0.0,
            5.24953699233393e-07
        ],
        [
            9.803245228934285e-07,
            0.005102020745374718,
            0.0,
            0.0192307153573403,
            0.027777694993548922
        ],
        [
            0.0,
            0.017241286820378798,
            0.0,
            0.0,
            0.02857135874884469
        ],
        [
            0.0,
            0.09999959468841553,
            0.0,
            0.0,
            0.04347808205563089
        ],
        [
            0.0,
            0.0,
            0.0,
            0.052631415818866926,
            0.0
        ]
    ],
    "success_w": [
        [
            0.0,
            3.885347286949787e-07,
            0.0,
            0.0,
            0.0
        ],
        [
            0.0005871948955063251,
            0.0,
            0.0,
            0.0,
            0.007751893627551174
        ],
        [
            0.005208306635419527,
            0.0,
            0.0,
            0.0,
            0.0
        ],
        [
            0.0,
            0.016393374224178126,
            0.0,
            0.0,
            0.052631447189732596
        ],
        [
            0.0,
            0.0,
            0.03448253253410603,
            0.0,
            0.03703675005171034
        ]
    ]
}