{
    "raw": {
        "p": [
            6.279013347374761e-05,
            0.0021748653715160577,
            0.007137101384801349,
            0.014750810007258168,
            0.024819110525554865,
            0.03714692967909964,
            0.05154100166004048,
            0.06780986811326518,
            0.08576387813640142,
            0.1052151882798166,
            0.12597776254661802
        ],
        "inf": [
            0.06260692668106105,
            0.10009514390754193,
            0.13836051706038321,
            0.17743509075589547,
            0.2173538999761937,
            0.2581545067726312,
            0.29987714383562225,
            0.3425649420668102,
            0.3862642027598965,
            0.4310247092105074,
            0.4769000803812359
        ],
        "pnr_p": [
            6.24984983060058e-05,
            0.002114631011394012,
            0.0067742306352577275,
            0.013657987021923732,
            0.02240115264009882,
            0.032657542775170044,
            0.044099535529204675,
            0.05641807182095022,
            0.06932265538583439,
            0.08254135277596521,
            0.09582079336013082
        ],
        "pnr_inf": [
            0.06042280317669957,
            0.08736947984421195,
            0.11558559232406052,
            0.145161984057248,
            0.17619921385772297,
            0.2088081430710269,
            0.2431111928059746,
            0.2792438622203015,
            0.3173565105855499,
            0.35761644589867936,
            0.4002103792353515
        ]
    },
    "dc_state": {
        "p": [
            2.8299420383084513e-06,
            9.034243042595091e-05,
            0.0002718110054956638,
            0.0005120140718803788,
            0.0007799716236036175,
            0.0010489452440794911,
            0.0012964381061127018,
            0.0015041949718985392,
            0.0016582021930228869,
            0.0017486877104622154,
            0.0017701210545835832
        ],
        "inf": [
            0.05337806945333168,
            0.05339223897757661,
            0.05340799982742783,
            0.05342563596836447,
            0.05344550332288389,
            0.053468053861707276,
            0.05349387052827648,
            0.053523718313505775,
            0.05355862130656397,
            0.05359998258965948,
            0.05364977742625676
        ],
        "pnr_p": [
            2.82895753631396e-06,
            9.030932837819755e-05,
            0.00027170581319073823,
            0.0005118041176013769,
            0.0007796315381657247,
            0.0010484569623675636,
            0.0012957908686188455,
            0.0015033853262596919,
            0.001657233995558397,
            0.001747572127711423,
            0.0017688765648434033
        ],
        "pnr_inf": [
            0.053214353009495174,
            0.05322435977297335,
            0.05323549056676702,
            0.05324794605247951,
            0.05326197764441154,
            0.05327790472803562,
            0.053296139227403394,
            0.05331722170117503,
            0.05334187587118966,
            0.05337109344361224,
            0.05340627057367098
        ]
    },
    "basic_state": {
        "p": [
            1.8581407162351795e-05,
            0.002659566858981518,
            0.004081621461985063,
            0.021276600817416575,
            0,
            0.011363602497360924,
            0.08333324392636617,
            0.024390162491216894,
            0,
            0.03999984264373779,
            0
        ],
        "inf": [
            0.09439635255481837,
            0.059440799076725725,
            0.056473340119704174,
            0.07981378012970097,
            1,
            0.057219476084146126,
            0.0573546154915352,
            0.05774251653048079,
            1,
            0.39204409590415246,
            1
        ],
        "pnr_p": [
            0,
            0.000718903061642568,
            0.009803908712723675,
            0.02380946988151187,
            0.009433942021064038,
            0.016949110111947788,
            0,
            0,
            0,
            0.09090876579284668,
            0
        ],
        "pnr_inf": [
            1,
            0.05920615260741813,
            0.056359695356251516,
            0.06814492996588273,
            0.05676538864125669,
            0.05684935069225161,
            1,
            1,
            1,
            0.05780532864613708,
            1
        ]
    },
    "w_state": {
        "p": [
            0,
            0,
            0,
            0,
            0,
            0,
            0,
            0.03448260241541369,
            0.11111028326882255,
            0.16666557391484577,
            0
        ],
        "inf": [
            1,
            1,
            1,
            1,
            1,
            1,
            1,
            0.3250928689020367,
            0.36582448586049443,
            0.4066147666974318,
            1
        ],
        "pnr_p": [
            3.663655012207255e-05,
            0,
            0.03703683393972891,
            0,
            0.013157816309677927,
            0,
            0.022222161293029785,
            0.055555250909593366,
            0,
            0,
            0
        ],
        "pnr_inf": [
            0.04058515038248012,
            1,
            0.11383666345832255,
            1,
            0.18862165048830293,
            1,
            0.2636584620502138,
            0.3009294330209522,
            1,
            1,
            1
        ]
    },
    "bell_sc_distilled_state": {
        "p": [
            0,
            0,
            0.002506253713354431,
            0.0032257987606909965,
            0,
            0,
            0.027777714861763846,
            0,
            0,
            0,
            0.14285671710968018
        ],
        "inf": [
            1,
            1,
            0.08717272602213222,
            0.11031092650997909,
            1,
            1,
            0.5726395058245329,
            1,
            1,
            1,
            0.5641505354591019
        ],
        "pnr_p": [
            0,
            0,
            0,
            0,
            0,
            0,
            0.02702697869893667,
            0,
            0,
            0,
            0
        ],
        "pnr_inf": [
            1,
            1,
            1,
            1,
            1,
            1,
            0.07709300078127579,
            1,
            1,
            1,
            1
        ]
    },
    "bell_dc_distilled_state": {
        "p": [
            0,
            0,
            0,
            0.011111058129204645,
            0,
            0.04761887732006254,
            0,
            0,
            0,
            0.07692278348482573,
            0
        ],
        "inf": [
            1,
            1,
            1,
            0.09255917258698854,
            1,
            0.09358449928910817,
            1,
            1,
            1,
            0.09582614067048045,
            1
        ],
        "pnr_p": [
            6.130062034989035e-05,
            0,
            0,
            0.020833296080430348,
            0.021739064351372097,
            0,
            0.008771892179522598,
            0.01923068784750425,
            0,
            0,
            0
        ],
        "pnr_inf": [
            0.10306964835550514,
            1,
            1,
            0.10345160137876919,
            0.10360253554933196,
            1,
            0.104355604150976,
            0.10466054874625419,
            1,
            1,
            1
        ]
    }
}