{
    "alpha": [
        0.0101,
        0.0601,
        0.1101,
        0.16010000000000002,
        0.2101,
        0.2601,
        0.31010000000000004,
        0.36010000000000003,
        0.4101,
        0.4601,
        0.5101
    ],
    "raw": {
        "p": [
            6.279013347374761e-05,
            0.0021748653715160577,
            0.007137101384801349,
            0.014750810007258168,
            0.024819110525554865,
            0.03714692967909964,
            0.05154100166004048,
            0.06780986811326518,
            0.08576387813640142,
            0.1052151882798166,
            0.12597776254661802
        ],
        "inf": [
            0.06260692668106105,
            0.10009514390754193,
            0.13836051706038321,
            0.17743509075589547,
            0.2173538999761937,
            0.2581545067726312,
            0.29987714383562225,
            0.3425649420668102,
            0.3862642027598965,
            0.4310247092105074,
            0.4769000803812359
        ],
        "pnr_p": [
            6.24984983060058e-05,
            0.002114631011394012,
            0.0067742306352577275,
            0.013657987021923732,
            0.02240115264009882,
            0.032657542775170044,
            0.044099535529204675,
            0.05641807182095022,
            0.06932265538583439,
            0.08254135277596521,
            0.09582079336013082
        ],
        "pnr_inf": [
            0.06042280317669957,
            0.08736947984421195,
            0.11558559232406052,
            0.145161984057248,
            0.17619921385772297,
            0.2088081430710269,
            0.2431111928059746,
            0.2792438622203015,
            0.3173565105855499,
            0.35761644589867936,
            0.4002103792353515
        ]
    },
    "dc_state": {
        "p": [
            2.8299420383084513e-06,
            9.034243042595091e-05,
            0.0002718110054956638,
            0.0005120140718803788,
            0.0007799716236036175,
            0.0010489452440794911,
            0.0012964381061127018,
            0.0015041949718985392,
            0.0016582021930228869,
            0.0017486877104622154,
            0.0017701210545835832
        ],
        "inf": [
            0.05337806945333168,
            0.05339223897757661,
            0.05340799982742783,
            0.05342563596836447,
            0.05344550332288389,
            0.053468053861707276,
            0.05349387052827648,
            0.053523718313505775,
            0.05355862130656397,
            0.05359998258965948,
            0.05364977742625676
        ],
        "pnr_p": [
            2.82895753631396e-06,
            9.030932837819755e-05,
            0.00027170581319073823,
            0.0005118041176013769,
            0.0007796315381657247,
            0.0010484569623675636,
            0.0012957908686188455,
            0.0015033853262596919,
            0.001657233995558397,
            0.001747572127711423,
            0.0017688765648434033
        ],
        "pnr_inf": [
            0.053214353009495174,
            0.05322435977297335,
            0.05323549056676702,
            0.05324794605247951,
            0.05326197764441154,
            0.05327790472803562,
            0.053296139227403394,
            0.05331722170117503,
            0.05334187587118966,
            0.05337109344361224,
            0.05340627057367098
        ]
    },
    "basic_state": {
        "p": [
            0,
            0,
            0.002341915209901975,
            0.0131578570918033,
            0,
            0,
            0.04347823495450227,
            0,
            0,
            0,
            0
        ],
        "inf": [
            1,
            1,
            0.056634863439572136,
            0.05670718797044372,
            1,
            1,
            0.17601616956175836,
            1,
            1,
            1,
            1
        ],
        "pnr_p": [
            3.181450632153106e-05,
            0,
            0,
            0.012658218039741998,
            0.09090899879282172,
            0.021739060464112656,
            0,
            0,
            0,
            0,
            0
        ],
        "pnr_inf": [
            0.07925458926422124,
            1,
            1,
            0.056572602764050406,
            0.07913018682789974,
            0.05679913734444553,
            1,
            1,
            1,
            1,
            1
        ]
    },
    "w_state": {
        "p": [
            2.2089022380483966e-05,
            0.0033556906968955223,
            0,
            0,
            0.025640903375087638,
            0,
            0,
            0,
            0,
            0.037036758882028085,
            0
        ],
        "inf": [
            0.04129071934958617,
            0.08074921670955093,
            1,
            1,
            0.2023502172194085,
            1,
            1,
            1,
            1,
            0.4066180430021493,
            1
        ],
        "pnr_p": [
            0,
            0,
            0,
            0,
            0,
            0,
            0,
            0,
            0,
            0.09090851111845537,
            0
        ],
        "pnr_inf": [
            1,
            1,
            1,
            1,
            1,
            1,
            1,
            1,
            1,
            0.37475657211210156,
            1
        ]
    },
    "bell_sc_distilled_state": {
        "p": [
            2.175889229348042e-05,
            0.0005656097809114068,
            0,
            0,
            0,
            0.047618809200468515,
            0,
            0.02380945427077157,
            0,
            0,
            0
        ],
        "inf": [
            0.06951671934732284,
            0.07422416040650481,
            1,
            1,
            1,
            0.07112004172331565,
            1,
            0.33170716466167116,
            1,
            1,
            1
        ],
        "pnr_p": [
            0,
            0,
            0,
            0,
            0.08333300054073334,
            0,
            0,
            0,
            0.09090863574634898,
            0.06249985098838806,
            0
        ],
        "pnr_inf": [
            1,
            1,
            1,
            1,
            0.07636957079950812,
            1,
            1,
            1,
            0.5706735399073581,
            0.07868556855804165,
            1
        ]
    },
    "bell_dc_distilled_state": {
        "p": [
            0,
            0,
            0.02564091560168144,
            0.006802690272428551,
            0,
            0,
            0.02222221162584093,
            0,
            0,
            0,
            0
        ],
        "inf": [
            1,
            1,
            0.09235041138738342,
            0.09283843921146573,
            1,
            1,
            0.09336757390795736,
            1,
            1,
            1,
            1
        ],
        "pnr_p": [
            4.289437919357837e-05,
            0,
            0,
            0,
            0,
            0,
            0,
            0,
            0.05555531713697645,
            0,
            0
        ],
        "pnr_inf": [
            0.10305837233223425,
            1,
            1,
            1,
            1,
            1,
            1,
            1,
            0.10503429759053406,
            1,
            1
        ]
    },
    "filtered": {
        "alpha": [
            0.0101,
            0.0601,
            0.1101,
            0.16010000000000002,
            0.2101,
            0.2601,
            0.31010000000000004,
            0.36010000000000003,
            0.4101,
            0.4601,
            0.5101
        ],