{
    "raw": {
        "p": [
            6.279013347374761e-05,
            0.0021748653715160577,
            0.007137101384801349,
            0.014750810007258168,
            0.024819110525554865,
            0.03714692967909964,
            0.05154100166004048,
            0.06780986811326518,
            0.08576387813640142,
            0.1052151882798166,
            0.12597776254661802
        ],
        "inf": [
            0.06260692668106105,
            0.10009514390754193,
            0.13836051706038321,
            0.17743509075589547,
            0.2173538999761937,
            0.2581545067726312,
            0.29987714383562225,
            0.3425649420668102,
            0.3862642027598965,
            0.4310247092105074,
            0.4769000803812359
        ],
        "pnr_p": [
            6.24984983060058e-05,
            0.002114631011394012,
            0.0067742306352577275,
            0.013657987021923732,
            0.02240115264009882,
            0.032657542775170044,
            0.044099535529204675,
            0.05641807182095022,
            0.06932265538583439,
            0.08254135277596521,
            0.09582079336013082
        ],
        "pnr_inf": [
            0.06042280317669957,
            0.08736947984421195,
            0.11558559232406052,
            0.145161984057248,
            0.17619921385772297,
            0.2088081430710269,
            0.2431111928059746,
            0.2792438622203015,
            0.3173565105855499,
            0.35761644589867936,
            0.4002103792353515
        ]
    },
    "dc_state": {
        "p": [
            2.8299420383084513e-06,
            9.034243042595091e-05,
            0.0002718110054956638,
            0.0005120140718803788,
            0.0007799716236036175,
            0.0010489452440794911,
            0.0012964381061127018,
            0.0015041949718985392,
            0.0016582021930228869,
            0.0017486877104622154,
            0.0017701210545835832
        ],
        "inf": [
            0.05337806945333168,
            0.05339223897757661,
            0.05340799982742783,
            0.05342563596836447,
            0.05344550332288389,
            0.053468053861707276,
            0.05349387052827648,
            0.053523718313505775,
            0.05355862130656397,
            0.05359998258965948,
            0.05364977742625676
        ],
        "pnr_p": [
            2.82895753631396e-06,
            9.030932837819755e-05,
            0.00027170581319073823,
            0.0005118041176013769,
            0.0007796315381657247,
            0.0010484569623675636,
            0.0012957908686188455,
            0.0015033853262596919,
            0.001657233995558397,
            0.001747572127711423,
            0.0017688765648434033
        ],
        "pnr_inf": [
            0.053214353009495174,
            0.05322435977297335,
            0.05323549056676702,
            0.05324794605247951,
            0.05326197764441154,
            0.05327790472803562,
            0.053296139227403394,
            0.05331722170117503,
            0.05334187587118966,
            0.05337109344361224,
            0.05340627057367098
        ]
    },
    "basic_state": {
        "p": [
            1.92937406131068e-05,
            0.002624662529452266,
            0.008403330290017007,
            0.008928566106728144,
            0.018518467744191486,
            0.021739055281100064,
            0,
            0,
            0.03030294721776789,
            0.04166649281978607,
            0
        ],
        "inf": [
            0.14071329097066454,
            0.059415384098212676,
            0.06637025391971973,
            0.05662929058261701,
            0.10117630111087195,
            0.13252798329393478,
            1,
            1,
            0.3059182339392572,
            0.0585412141507049,
            1
        ],
        "pnr_p": [
            0,
            0.0031249880790710453,
            0.006578934035803142,
            0.004739324063486398,
            0,
            0.09090880372307518,
            0.024999895691871644,
            0,
            0.03703685601552327,
            0,
            0.06666644811630248
        ],
        "pnr_inf": [
            1,
            0.05663368841509053,
            0.0564954138153545,
            0.06825107461178737,
            1,
            0.09568117410532673,
            0.05697524595517822,
            1,
            0.19766179641748916,
            1,
            0.3318816507671707
        ]
    },
    "w_state": {
        "p": [
            0,
            0.005076116111677915,
            0.007575723257931796,
            0,
            0,
            0,
            0,
            0,
            0,
            0,
            0
        ],
        "inf": [
            1,
            0.08074375469593986,
            0.12090413306748504,
            1,
            1,
            1,
            1,
            1,
            1,
            1,
            1
        ],
        "pnr_p": [
            4.553078128759291e-05,
            0,
            0,
            0.037036904582270866,
            0.049999776482582095,
            0,
            0,
            0,
            0,
            0,
            0.03999978542327881
        ],
        "pnr_inf": [
            0.04056532045040784,
            1,
            1,
            0.15112123458745952,
            0.18861548994755695,
            1,
            1,
            1,
            1,
            1,
            0.41169114681816654
        ]
    },
    "bell_sc_distilled_state": {
        "p": [
            0,
            0,
            0.0038167718257612854,
            0,
            0.02173905268959377,
            0,
            0,
            0.015624959021806717,
            0.062499985098838806,
            0.02631567967565436,
            0
        ],
        "inf": [
            1,
            1,
            0.06983645054816501,
            1,
            0.14545975274729617,
            1,
            1,
            0.33165582265014404,
            0.5666173446070697,
            0.5651305669418021,
            1
        ],
        "pnr_p": [
            0,
            0,
            0,
            0,
            0.04999982118606568,
            0,
            0,
            0,
            0,
            0.03999983787536621,
            0
        ],
        "pnr_inf": [
            1,
            1,
            1,
            1,
            0.11560853340372801,
            1,
            1,
            1,
            1,
            0.36547415457481813,
            1
        ]
    },
    "bell_dc_distilled_state": {
        "p": [
            0,
            0.0022321326125945362,
            0,
            0,
            0.0196077730141434,
            0,
            0,
            0,
            0,
            0,
            0
        ],
        "inf": [
            1,
            0.09218325063567756,
            1,
            1,
            0.09276941978949149,
            1,
            1,
            1,
            1,
            1,
            1
        ],
        "pnr_p": [
            0,
            0.0008077525168127698,
            0,
            0.019999899864196778,
            0.030302893031727184,
            0.021276529799116418,
            0,
            0,
            0,
            0,
            0.1111106342739529
        ],
        "pnr_inf": [
            1,
            0.10326338547157521,
            1,
            0.10358517612531237,
            0.10382307246459954,
            0.10380573296997975,
            1,
            1,
            1,
            1,
            0.10523672057750022
        ]
    }
}