{
  "iterations": [
    1,
    2,
    3,
    4
  ],
  "success_probabilities": [
    0.0007546178890172582,
    0.0013526212980374606,
    0.0007356848529513168,
    0.0014533509299571204
  ],
  "success_prob_std": [
    0.0010526104385635338,
    0.0008223646997722854,
    0.0003048871264335002,
    0.0006886897413797305
  ],
  "infidelities": [
    0.25739881333164916,
    0.07204502478960964,
    0.07272924461279132,
    0.07222470428971085
  ],
  "infidelity_std": [
    0.3713021423809829,
    0.0012637466798593973,
    0.0011395232436649755,
    0.0012892978390633089
  ]
}