{
    "p_DE": [
        0.01,
        0.008,
        0.006,
        0.004,
        0.002,
        0.001,
        0.0005,
        0.0001,
        0.0
    ],
    "raw_p": [
        0.0015120605602767217,
        0.0015120605602767217,
        0.0015120605602767217,
        0.0015120605602767217,
        0.0015120605602767217,
        0.0015120605602767217,
        0.0015120605602767217,
        0.0015120605602767217,
        0.0015120605602767217
    ],
    "raw_inf": [
        0.09246084160606549,
        0.08894887327724277,
        0.0854075652197629,
        0.08183691475278776,
        0.07823692454370657,
        0.07642593029349298,
        0.07551768460778718,
        0.0747897692959184,
        0.07460760737290295
    ],
    "dc_state_p": [
        0.0017714808151082125,
        0.0017714808151082125,
        0.0017714808151082125,
        0.0017714808151082125,
        0.0017714808151082125,
        0.0017714808151082125,
        0.0017714808151082125,
        0.0017714808151082125,
        0.0017714808151082125
    ],
    "dc_state_inf": [
        0.053638917052056256,
        0.046714443370760694,
        0.039642232546609035,
        0.03242069737922049,
        0.025048272615511458,
        0.02130499481251147,
        0.019419006533171412,
        0.0179033070277963,
        0.01752342101827775
    ],
    "basic_state_p": [
        0.0009532852100121395,
        0.0003565047513992391,
        0.0006127448423820383,
        0.0026041638726989427,
        0.0026246697258135777,
        0,
        0,
        0.001582276217545135,
        0.001430612094753631
    ],
    "basic_state_inf": [
        0.05776891090787162,
        0.0504635340755194,
        0.042423542556745186,
        0.037264043523127954,
        0.028307206899956694,
        1,
        1,
        0.02128255489670794,
        0.02056213301268972
    ],
    "w_state_p": [
        0,
        0,
        0,
        0.01052625304774234,
        0,
        0,
        0,
        0,
        0
    ],
    "w_state_inf": [
        1,
        1,
        1,
        0.06219597721202674,
        1,
        1,
        1,
        1,
        1
    ],
    "bell_sc_distilled_state_p": [
        0,
        0,
        0,
        0.0025906689426441884,
        0.0013210014433967863,
        0,
        0.02127652345819676,
        0.0003557435900492415,
        0.00043629944636559614
    ],
    "bell_sc_distilled_state_inf": [
        1,
        1,
        1,
        0.048613281962221366,
        0.04138361438654348,
        1,
        0.03589203187658485,
        0.034352302096064435,
        0.789744208319015
    ],
    "bell_dc_distilled_state_p": [
        0,
        0,
        0,
        0,
        0.011627878560576328,
        0,
        0.007299242228487112,
        0.0006531649831850337,
        0.001897527325537897
    ],
    "bell_dc_distilled_state_inf": [
        1,
        1,
        1,
        1,
        0.052766910479400075,
        1,
        0.04465757162338213,
        0.04256313371918674,
        0.04194027831992919
    ],
    "pnr_raw_p": [
        0.001477235398552813,
        0.001477235398552813,
        0.001477235398552813,
        0.001477235398552813,
        0.001477235398552813,
        0.001477235398552813,
        0.001477235398552813,
        0.001477235398552813,
        0.001477235398552813
    ],
    "pnr_raw_inf": [
        0.081826685447284,
        0.07827356080280046,
        0.07469075257826852,
        0.07107825812792101,
        0.06743608000476287,
        0.06560386297613063,
        0.06468497367126091,
        0.06394852797583106,
        0.0637642312972162
    ],
    "pnr_dc_state_p": [
        0.0017702605220192135,
        0.0017702605220192135,
        0.0017702605220192135,
        0.0017702605220192135,
        0.0017702605220192135,
        0.0017702605220192135,
        0.0017702605220192135,
        0.0017702605220192135,
        0.0017702605220192135
    ],
    "pnr_dc_state_inf": [
        0.0533985981468027,
        0.04647111598137865,
        0.039395841783875674,
        0.03217118809437802,
        0.024795589443990074,
        0.021050703826355655,
        0.019163906494016114,
        0.01764755721036604,
        0.017267508432073475
    ],
    "pnr_basic_state_p": [
        0.000427531400976552,
        0.0029939982348573422,
        0,
        0.0006281383822311709,
        0.0012658144854292084,
        0.0005271468089641114,
        0.002123131114206496,
        0.00037495120884909985,
        0.0009900949969150051
    ],
    "pnr_basic_state_inf": [
        0.057685299227806075,
        0.04966603245654444,
        1,
        0.035739064973436374,
        0.02979548930315956,
        0.027027799786520257,
        0.022770432011070207,
        0.022325260217816334,
        0.02163093902032931
    ],
    "pnr_w_state_p": [
        0,
        0,
        0.0034364168996253784,
        0,
        0,
        0,
        0,
        0,
        0
    ],
    "pnr_w_state_inf": [
        1,
        1,
        0.06254006037677828,
        1,
        1,
        1,
        1,
        1,
        1
    ],
    "pnr_bell_sc_distilled_state_p": [
        0,
        0.002433084513439169,
        0.0010752650999253795,
        0,
        0,
        0.006134942631048659,
        0.0011086428244732435,
        0.005263136876256842,
        0.0011454726412533894
    ],
    "pnr_bell_sc_distilled_state_inf": [
        1,
        0.07049807085861848,
        0.8383869593050863,
        1,
        1,
        0.8383686861180527,
        0.8383623194056451,
        0.041318843123822724,
        0.8383714284271693
    ],
    "pnr_bell_dc_distilled_state_p": [
        0.008064491133536062,
        0.0015999930381774903,
        0.0009115736595369406,
        0,
        0,
        0.004524867459120255,
        0,
        0,
        0
    ],
    "pnr_bell_dc_distilled_state_inf": [
        0.10317889091483678,
        0.09421592362579445,
        0.08502326273595351,
        1,
        1,
        0.060431545986389335,
        1,
        1,
        1
    ]
}