{
  "coherence_times": [
    10,
    50,
    100,
    250,
    500,
    1000,
    2500,
    5000,
    10000,
    25000,
    50000,
    100000
  ],
  "raw_state_p": [
    0.001540796087300688,
    0.001540796087300688,
    0.001540796087300688,
    0.001540796087300688,
    0.001540796087300688,
    0.001540796087300688,
    0.001540796087300688,
    0.001540796087300688,
    0.001540796087300688,
    0.001540796087300688,
    0.001540796087300688,
    0.001540796087300688
  ],
  "raw_state_inf": [
    0.11606803668413468,
    0.11606803668413468,
    0.11606803668413468,
    0.11606803668413468,
    0.11606803668413468,
    0.11606803668413468,
    0.11606803668413468,
    0.11606803668413468,
    0.11606803668413468,
    0.11606803668413468,
    0.11606803668413468,
    0.11606803668413468
  ],
  "dc_state_p": [
    0.0017068909160472075,
    0.0017068909160472075,
    0.0017068909160472075,
    0.0017068909160472075,
    0.0017068909160472075,
    0.0017068909160472075,
    0.0017068909160472075,
    0.0017068909160472075,
    0.0017068909160472075,
    0.0017068909160472075,
    0.0017068909160472075,
    0.0017068909160472075
  ],
  "dc_state_inf": [
    0.06560380743606986,
    0.06560380743606986,
    0.06560380743606986,
    0.06560380743606986,
    0.06560380743606986,
    0.06560380743606986,
    0.06560380743606986,
    0.06560380743606986,
    0.06560380743606986,
    0.06560380743606986,
    0.06560380743606986,
    0.06560380743606986
  ],
  "basic_state_p": [
    0.0009366260127531883,
    0.0015581575380104549,
    0.0008220898868380729,
    0.0008895184467308867,
    0.0024082265762330546,
    0.001650192007270209,
    0.001497606939176768,
    0.0018917645671123057,
    0.0032192544018572133,
    0.0027302896592341533,
    0.0018481863685387901,
    0.0008351985925982514
  ],
  "basic_state_inf": [
    0.07166221495353275,
    0.07053744183720256,
    0.07060848914629347,
    0.0704462497540167,
    0.0704300481328497,
    0.07011500021325134,
    0.06945613424782004,
    0.0704396423697683,
    0.069718340651302,
    0.06978564380812646,
    0.07038906620944085,
    0.07019680785442006
  ],
  "w_state_p": [
    0.005661048827479006,
    0.003132660931834041,
    0.00259140311248696,
    0.001339099318903898,
    0.004440539877186876,
    0.002913571780525368,
    0.00536523593276062,
    0.009238000034410962,
    0.00262962350395329,
    0.005343364695675336,
    0.0053084291738131175,
    0.0019733947958760927
  ],
  "w_state_inf": [
    0.08020458132781982,
    0.07934776361393558,
    0.07924256083996717,
    0.07918002888918918,
    0.07915821807964851,
    0.07914788156489672,
    0.07914130030480704,
    0.07913935885171841,
    0.07913797386841082,
    0.07913760584180718,
    0.07913718110413592,
    0.07913711101548548
  ],
  "bell_sc_distilled_state_p": [
    0.005216106888061118,
    0.002130814519837408,
    0.003728764172356282,
    0.0057091482831065484,
    0.003529231232797147,
    0.00424553759967321,
    0.0036287850670633517,
    0.004050758490407205,
    0.0034852952357205323,
    0.002870677016577705,
    0.005778853538277321,
    0.009893568888271961
  ],
  "bell_sc_distilled_state_inf": [
    0.23900792228786027,
    0.33776407837487654,
    0.09135272334841393,
    0.0907797053794438,
    0.09076713257097813,
    0.09182297770084491,
    0.3387436949345791,
    0.21474911155450005,
    0.09181677111916786,
    0.09096635745777382,
    0.09128484754574862,
    0.3866395981177133
  ],
  "bell_dc_distilled_state_p": [
    0.002932914386774769,
    0.008122256759706013,
    0.0019434544907304876,
    0.005792025049445453,
    0.0021618011024650014,
    0.014614611340731309,
    0.005400692905122518,
    0.005095102281167856,
    0.0030482002844089908,
    0.00222684972732344,
    0.007422930947426756,
    0.0032180692593559808
  ],
  "bell_dc_distilled_state_inf": [
    0.11554741418259429,
    0.11501061320752226,
    0.11494884159901009,
    0.11492125445508794,
    0.11490986820740412,
    0.1149240274545853,
    0.11489934603003615,
    0.11493134662513105,
    0.11488717041936292,
    0.11489737690874158,
    0.1149338181647519,
    0.1149337542068729
  ],
  "pnr_raw_state_p": [
    0.001504784249654959,
    0.001504784249654959,
    0.001504784249654959,
    0.001504784249654959,
    0.001504784249654959,
    0.001504784249654959,
    0.001504784249654959,
    0.001504784249654959,
    0.001504784249654959,
    0.001504784249654959,
    0.001504784249654959,
    0.001504784249654959
  ],
  "pnr_raw_state_inf": [
    0.10555459319277882,
    0.10555459319277882,
    0.10555459319277882,
    0.10555459319277882,
    0.10555459319277882,
    0.10555459319277882,
    0.10555459319277882,
    0.10555459319277882,
    0.10555459319277882,
    0.10555459319277882,
    0.10555459319277882,
    0.10555459319277882
  ],
  "pnr_dc_state_p": [
    0.0017068909160472075,
    0.0017068909160472075,
    0.0017068909160472075,
    0.0017068909160472075,
    0.0017068909160472075,
    0.0017068909160472075,
    0.0017068909160472075,
    0.0017068909160472075,
    0.0017068909160472075,
    0.0017068909160472075,
    0.0017068909160472075,
    0.0017068909160472075
  ],
  "pnr_dc_state_inf": [
    0.06560380743606986,
    0.06560380743606986,
    0.06560380743606986,
    0.06560380743606986,
    0.06560380743606986,
    0.06560380743606986,
    0.06560380743606986,
    0.06560380743606986,
    0.06560380743606986,
    0.06560380743606986,
    0.06560380743606986,
    0.06560380743606986
  ],
  "pnr_basic_state_p": [
    0.0007881507633993564,
    0.0015889099259417854,
    0.001043254544961828,
    0.0015875439540294642,
    0.0012018597688880452,
    0.0015734311678727879,
    0.0011278152359932919,
    0.0013048923010378246,
    0.0005544334262561348,
    0.0012410591318817669,
    0.0011076510898391015,
    0.0009188325723246835
  ],
  "pnr_basic_state_inf": [
    0.07167800836691596,
    0.0699211563962675,
    0.0696823464772105,
    0.0698477602346641,
    0.06985782074945845,
    0.06952230994416864,
    0.06955508802091204,
    0.06973744277961524,
    0.06935199028629546,
    0.07003671832120617,
    0.0695989650164286,
    0.06976164347967839
  ],
  "pnr_w_state_p": [
    0.0029156464652690256,
    0.0011627076228715226,
    0.005962750302798233,
    0.009401894879185637,
    0.003503361579248461,
    0.0023905458161742827,
    0.0023785006701128467,
    0.007036448515102561,
    0.00556362578055699,
    0.0025438132808461747,
    0.0019374923825969121,
    0.0038582838479358297
  ],
  "pnr_w_state_inf": [
    0.0768355779975437,
    0.07598351833479,
    0.07587793974723789,
    0.0758119984190152,
    0.07579160602698176,
    0.07578082160536548,
    0.07577431916160737,
    0.07577232029398628,
    0.07577103133796381,
    0.07577043625090674,
    0.07577016421226324,
    0.07577006682571563
  ],
  "pnr_bell_sc_distilled_state_p": [
    0.0027950283046055393,
    0.0011723276319425522,
    0.004339189111918586,
    0.0015850039821806007,
    0.0034195752446287784,
    0.0013171426073903742,
    0.006981617571735269,
    0.008387744692617294,
    0.0028066309704773977,
    0.005002501226056982,
    0.003487624007828325,
    0.0025355132201193105
  ],
  "pnr_bell_sc_distilled_state_inf": [
    0.2777928496233797,
    0.08982421700939103,
    0.09112511292755343,
    0.09153987443207545,
    0.09076742056593401,
    0.09076044281178108,
    0.09128763856045452,
    0.09181768716857086,
    0.19597226819542402,
    0.23975941199372763,
    0.23848406318911408,
    0.09128476550656028
  ],
  "pnr_bell_dc_distilled_state_p": [
    0.008852250179322533,
    0.00613154851369499,
    0.009194982808206917,
    0.0013324130265447908,
    0.0026224881555617853,
    0.0031740250126856212,
    0.002507905432633613,
    0.0022945759424116805,
    0.0022317995659132048,
    0.0037295478628707455,
    0.001769913671127409,
    0.00603338635246472
  ],