{
  "coherence_times": [
    10,
    50,
    100,
    250,
    500,
    1000,
    2500,
    5000,
    10000,
    25000,
    50000,
    100000
  ],
  "raw_state_p": [
    0.19386221323297953,
    0.19386221323297953,
    0.19386221323297953,
    0.19386221323297953,
    0.19386221323297953,
    0.19386221323297953,
    0.19386221323297953,
    0.19386221323297953,
    0.19386221323297953,
    0.19386221323297953,
    0.19386221323297953,
    0.19386221323297953
  ],
  "raw_state_inf": [
    0.6225560784356567,
    0.6225560784356567,
    0.6225560784356567,
    0.6225560784356567,
    0.6225560784356567,
    0.6225560784356567,
    0.6225560784356567,
    0.6225560784356567,
    0.6225560784356567,
    0.6225560784356567,
    0.6225560784356567,
    0.6225560784356567
  ],
  "dc_state_p": [
    0.0017068909160472075,
    0.0017068909160472075,
    0.0017068909160472075,
    0.0017068909160472075,
    0.0017068909160472075,
    0.0017068909160472075,
    0.0017068909160472075,
    0.0017068909160472075,
    0.0017068909160472075,
    0.0017068909160472075,
    0.0017068909160472075,
    0.0017068909160472075
  ],
  "dc_state_inf": [
    0.06560380743606986,
    0.06560380743606986,
    0.06560380743606986,
    0.06560380743606986,
    0.06560380743606986,
    0.06560380743606986,
    0.06560380743606986,
    0.06560380743606986,
    0.06560380743606986,
    0.06560380743606986,
    0.06560380743606986,
    0.06560380743606986
  ],
  "basic_state_p": [
    0,
    0,
    0,
    0,
    0,
    0.03333313862482706,
    0,
    0.14285661493028912,
    0,
    0,
    0,
    0
  ],
  "basic_state_inf": [
    1.0,
    1.0,
    1.0,
    1.0,
    1.0,
    0.7677678954329357,
    1.0,
    0.7677670377338619,
    1.0,
    1.0,
    1.0,
    1.0
  ],
  "w_state_p": [
    0,
    0,
    0,
    0,
    0,
    0,
    0,
    0,
    0,
    0,
    0,
    0
  ],
  "w_state_inf": [
    1,
    1,
    1,
    1,
    1,
    1,
    1,
    1,
    1,
    1,
    1,
    1
  ],
  "bell_sc_distilled_state_p": [
    0,
    0,
    0,
    0,
    0,
    0,
    0,
    0.07142821380070277,
    0,
    0,
    0,
    0.09090886332771995
  ],
  "bell_sc_distilled_state_inf": [
    1.0,
    1.0,
    1.0,
    1.0,
    1.0,
    1.0,
    1.0,
    0.5694794821795496,
    1.0,
    1.0,
    1.0,
    0.5694792748679418
  ],
  "bell_dc_distilled_state_p": [
    0,
    0.06666635274887085,
    0,
    0,
    0.04999977052211762,
    0,
    0,
    0,
    0,
    0,
    0.06666659514109294,
    0
  ],
  "bell_dc_distilled_state_inf": [
    1.0,
    0.9973486435598654,
    1.0,
    1.0,
    0.9973864147343926,
    1.0,
    1.0,
    1.0,
    1.0,
    1.0,
    0.11984709765845625,
    1.0
  ],
  "pnr_raw_state_p": [
    0.13382495551394682,
    0.13382495551394682,
    0.13382495551394682,
    0.13382495551394682,
    0.13382495551394682,
    0.13382495551394682,
    0.13382495551394682,
    0.13382495551394682,
    0.13382495551394682,
    0.13382495551394682,
    0.13382495551394682,
    0.13382495551394682
  ],
  "pnr_raw_state_inf": [
    0.5457173612240377,
    0.5457173612240377,
    0.5457173612240377,
    0.5457173612240377,
    0.5457173612240377,
    0.5457173612240377,
    0.5457173612240377,
    0.5457173612240377,
    0.5457173612240377,
    0.5457173612240377,
    0.5457173612240377,
    0.5457173612240377
  ],
  "pnr_dc_state_p": [
    0.0017068909160472075,
    0.0017068909160472075,
    0.0017068909160472075,
    0.0017068909160472075,
    0.0017068909160472075,
    0.0017068909160472075,
    0.0017068909160472075,
    0.0017068909160472075,
    0.0017068909160472075,
    0.0017068909160472075,
    0.0017068909160472075,
    0.0017068909160472075
  ],
  "pnr_dc_state_inf": [
    0.06560380743606986,
    0.06560380743606986,
    0.06560380743606986,
    0.06560380743606986,
    0.06560380743606986,
    0.06560380743606986,
    0.06560380743606986,
    0.06560380743606986,
    0.06560380743606986,
    0.06560380743606986,
    0.06560380743606986,
    0.06560380743606986
  ],
  "pnr_basic_state_p": [
    0,
    0,
    0,
    0.047618996529352094,
    0,
    0,
    0.09090873869982632,
    0,
    0,
    0,
    0,
    0
  ],
  "pnr_basic_state_inf": [
    1.0,
    1.0,
    1.0,
    0.6272369634215347,
    1.0,
    1.0,
    0.6272278867933335,
    1.0,
    1.0,
    1.0,
    1.0,
    1.0
  ],
  "pnr_w_state_p": [
    0,
    0,
    0,
    0,
    0,
    0,
    0,
    0,
    0,
    0,
    0,
    0
  ],
  "pnr_w_state_inf": [
    1,
    1,
    1,
    1,
    1,
    1,
    1,
    1,
    1,
    1,
    1,
    1
  ],
  "pnr_bell_sc_distilled_state_p": [
    0,
    0,
    0,
    0,
    0,
    0,
    0.19999953508377077,
    0,
    0.08333289623260498,
    0,
    0.19999972581863404,
    0
  ],
  "pnr_bell_sc_distilled_state_inf": [
    1.0,
    1.0,
    1.0,
    1.0,
    1.0,
    1.0,
    0.5694797586101286,
    1.0,
    0.5694793439020887,
    1.0,
    0.8248653930135131,
    1.0
  ],
  "pnr_bell_dc_distilled_state_p": [
    0,
    0,
    0,
    0,
    0,
    0.02941150349729201,
    0.03030288941932447,
    0,
    0.07142832023756844,
    0,
    0.04166659712791443,
    0
  ],
  "pnr_bell_dc_distilled_state_inf": [
    1.0,
    1.0,
    1.0,
    1.0,
    1.0,
    0.9973885267501841,
    0.9973897686626503,
    1.0,
    0.9973904434550542,
    1.0,
    0.9973906175394608,
    1.0
  ]
}