{
  "coherence_times": [
    10,
    50,
    100,
    250,
    500,
    1000,
    2500,
    5000,
    10000,
    25000,
    50000,
    100000
  ],
  "raw_state_p": [
    0.19386221323297953,
    0.19386221323297953,
    0.19386221323297953,
    0.19386221323297953,
    0.19386221323297953,
    0.19386221323297953,
    0.19386221323297953,
    0.19386221323297953,
    0.19386221323297953,
    0.19386221323297953,
    0.19386221323297953,
    0.19386221323297953
  ],
  "raw_state_inf": [
    0.6225560784356567,
    0.6225560784356567,
    0.6225560784356567,
    0.6225560784356567,
    0.6225560784356567,
    0.6225560784356567,
    0.6225560784356567,
    0.6225560784356567,
    0.6225560784356567,
    0.6225560784356567,
    0.6225560784356567,
    0.6225560784356567
  ],
  "dc_state_p": [
    0.0017068909160472075,
    0.0017068909160472075,
    0.0017068909160472075,
    0.0017068909160472075,
    0.0017068909160472075,
    0.0017068909160472075,
    0.0017068909160472075,
    0.0017068909160472075,
    0.0017068909160472075,
    0.0017068909160472075,
    0.0017068909160472075,
    0.0017068909160472075
  ],
  "dc_state_inf": [
    0.06560380743606986,
    0.06560380743606986,
    0.06560380743606986,
    0.06560380743606986,
    0.06560380743606986,
    0.06560380743606986,
    0.06560380743606986,
    0.06560380743606986,
    0.06560380743606986,
    0.06560380743606986,
    0.06560380743606986,
    0.06560380743606986
  ],
  "basic_state_p": [
    0.0,
    0.0,
    0.0,
    0.0,
    0.0,
    0.0,
    0.0,
    0.0,
    0.0,
    0.0,
    0.09999980926513673,
    0.0
  ],
  "basic_state_inf": [
    1.0,
    1.0,
    1.0,
    1.0,
    1.0,
    1.0,
    1.0,
    1.0,
    1.0,
    1.0,
    0.7677668593935933,
    1.0
  ],
  "w_state_p": [
    0.0,
    0.0,
    0.0,
    0.0,
    0.0,
    0.14285595076424734,
    0.0,
    0.0,
    0.0,
    0.09999935626983643,
    0.0,
    0.0
  ],
  "w_state_inf": [
    1.0,
    1.0,
    1.0,
    1.0,
    1.0,
    0.5830242239035279,
    1.0,
    1.0,
    1.0,
    0.5830221505221796,
    1.0,
    1.0
  ],
  "bell_sc_distilled_state_p": [
    0.0,
    0.12499949336051941,
    0.0,
    0.05882335761014153,
    0.0,
    0.09999963641166687,
    0.04545438560572538,
    0.0,
    0.0,
    0.0,
    0.0,
    0.0
  ],
  "bell_sc_distilled_state_inf": [
    1.0,
    0.824872335554292,
    1.0,
    0.8248667522558581,
    1.0,
    0.5694807264625008,
    0.8248655098047695,
    1.0,
    1.0,
    1.0,
    1.0,
    1.0
  ],
  "bell_dc_distilled_state_p": [
    0.0,
    0.0,
    0.0,
    0.05263142523012663,
    0.0,
    0.0,
    0.04347808723864348,
    0.0,
    0.0,
    0.0,
    0.0,
    0.0
  ],
  "bell_dc_distilled_state_inf": [
    1.0,
    1.0,
    1.0,
    0.997382333502064,
    1.0,
    1.0,
    0.11985122797813186,
    1.0,
    1.0,
    1.0,
    1.0,
    1.0
  ],
  "pnr_raw_state_p": [
    0.13382495551394682,
    0.13382495551394682,
    0.13382495551394682,
    0.13382495551394682,
    0.13382495551394682,
    0.13382495551394682,
    0.13382495551394682,
    0.13382495551394682,
    0.13382495551394682,
    0.13382495551394682,
    0.13382495551394682,
    0.13382495551394682
  ],
  "pnr_raw_state_inf": [
    0.5457173612240377,
    0.5457173612240377,
    0.5457173612240377,
    0.5457173612240377,
    0.5457173612240377,
    0.5457173612240377,
    0.5457173612240377,
    0.5457173612240377,
    0.5457173612240377,
    0.5457173612240377,
    0.5457173612240377,
    0.5457173612240377
  ],
  "pnr_dc_state_p": [
    0.0017068909160472075,
    0.0017068909160472075,
    0.0017068909160472075,
    0.0017068909160472075,
    0.0017068909160472075,
    0.0017068909160472075,
    0.0017068909160472075,
    0.0017068909160472075,
    0.0017068909160472075,
    0.0017068909160472075,
    0.0017068909160472075,
    0.0017068909160472075
  ],
  "pnr_dc_state_inf": [
    0.06560380743606986,
    0.06560380743606986,
    0.06560380743606986,
    0.06560380743606986,
    0.06560380743606986,
    0.06560380743606986,
    0.06560380743606986,
    0.06560380743606986,
    0.06560380743606986,
    0.06560380743606986,
    0.06560380743606986,
    0.06560380743606986
  ],
  "pnr_basic_state_p": [
    0.0,
    0.0,
    0.07692258174602802,
    0.0,
    0.12499944120645523,
    0.0,
    0.0,
    0.0,
    0.0,
    0.07692278348482573,
    0.0,
    0.0
  ],
  "pnr_basic_state_inf": [
    1.0,
    1.0,
    0.6272518301787114,
    1.0,
    0.6272318381027798,
    1.0,
    1.0,
    1.0,
    1.0,
    0.6272270126115265,
    1.0,
    1.0
  ],
  "pnr_w_state_p": [
    0.0,
    0.0,
    0.0,
    0.0,
    0.0,
    0.16666555404663086,
    0.0,
    0.0,
    0.0,
    0.0,
    0.0,
    0.0
  ],
  "pnr_w_state_inf": [
    1.0,
    1.0,
    1.0,
    1.0,
    1.0,
    0.5314923782586751,
    1.0,
    1.0,
    1.0,
    1.0,
    1.0,
    1.0
  ],
  "pnr_bell_sc_distilled_state_p": [
    0.0,
    0.0,
    0.1999993920326233,
    0.0,
    0.0,
    0.0,
    0.19999965429306032,
    0.08333292603492737,
    0.1249995306134224,
    0.0,
    0.14285692146846227,
    0.0
  ],
  "pnr_bell_sc_distilled_state_inf": [
    1.0,
    1.0,
    0.5694919239110334,
    1.0,
    1.0,
    1.0,
    0.5694796547746391,
    0.5694795513625464,
    0.5694791708373645,
    1.0,
    0.5694792748449846,
    1.0
  ],
  "pnr_bell_dc_distilled_state_p": [
    0.058823410202475154,
    0.0,
    0.0,
    0.0,
    0.032257847247585174,
    0.0,
    0.0,
    0.02499988973140717,
    0.0,
    0.049999850988388064,
    0.0,
    0.0
  ],
  "pnr_bell_dc_distilled_state_inf": [
    0.9971799287860278,
    1.0,
    1.0,
    1.0,
    0.9973862516169586,
    1.0,
    1.0,
    0.9973902026607445,
    1.0,
    0.1198474277701107,
    1.0,
    1.0
  ]
}