{
    "x_positions": [
        0,
        1,
        2,
        3,
        4,
        5,
        6,
        7
    ],
    "raw_p": [
        0.001540796087300688,
        0.002906688511682002,
        0.0047503558794228015,
        0.005923078837335185,
        0.006516313465501474,
        0.006923683639621851,
        0.006989139271898439,
        0.007127343750000002
    ],
    "raw_inf": [
        0.11606803668413468,
        0.09795989840051433,
        0.07910645669279281,
        0.05972337338856071,
        0.04377516814426219,
        0.040187707787171956,
        0.025730245022576592,
        0.02547749080052497
    ],
    "dc_state_p": [
        0.0017081763898064762,
        0.0064121882433359105,
        0.018100440333870364,
        0.029541769406257887,
        0.03738675242440625,
        0.04233598829129125,
        0.04496854112607119,
        0.04681254167361141
    ],
    "dc_state_inf": [
        0.06586411394176972,
        0.05362791643538789,
        0.04122046794954015,
        0.026848936648033783,
        0.016013098006263826,
        0.010209512149809474,
        0.001170385773819893,
        0.0011653903350954398
    ],
    "basic_state_p": [
        0,
        0.0011454716171185996,
        0.0032467397002430708,
        0.005025113647307583,
        0.0022935680019746134,
        0.002570688264841898,
        0.0015723264817171878,
        0
    ],
    "basic_state_inf": [
        1,
        0.05861191123734777,
        0.04691260899476157,
        0.030738583288963728,
        0.020039223517880678,
        0.014398430944750462,
        0.005084865290451823,
        1
    ],
    "w_state_p": [
        0.0017182061967161513,
        0.004424750277426391,
        0,
        0.009090881997888737,
        0.01999985456466675,
        0,
        0,
        0.005263127778705797
    ],
    "w_state_inf": [
        0.0801870580630133,
        0.0640220700380989,
        1,
        0.03222858268687445,
        0.02340096331200603,
        1,
        1,
        0.012508621093262562
    ],
    "bell_sc_distilled_state_p": [
        0,
        0,
        0.005025124430057391,
        0,
        0,
        0,
        0.011494230950015715,
        0.03999980926513672
    ],
    "bell_sc_distilled_state_inf": [
        1,
        1,
        0.05910560112227703,
        1,
        1,
        1,
        0.004413534896045679,
        0.004406577622166119
    ],
    "bell_dc_distilled_state_p": [
        0,
        0,
        0.0078739875883568,
        0,
        0.0015313877263441569,
        0,
        0,
        0
    ],
    "bell_dc_distilled_state_inf": [
        1,
        1,
        0.07616127531426342,
        1,
        0.03174634784909314,
        1,
        1,
        1
    ],
    "pnr_raw_p": [
        0.001504784249654959,
        0.0028131399258696007,
        0.004554399744000002,
        0.005650254802125001,
        0.006202093600072267,
        0.00657921868700985,
        0.006641036925187502,
        0.006768750000000001
    ],
    "pnr_raw_inf": [
        0.10555459319277882,
        0.08308569584770886,
        0.059506108147631576,
        0.03729274196936838,
        0.01985438672518991,
        0.015385153660545603,
        0.000525384121072836,
        -1.5000005681997663e-09
    ],
    "pnr_dc_state_p": [
        0.0017081763898064762,
        0.0064121882433359105,
        0.018100440333870364,
        0.029541769406257887,
        0.03738675242440625,
        0.04233598829129125,
        0.04496854112607119,
        0.04681254167361141
    ],
    "pnr_dc_state_inf": [
        0.06586411394176972,
        0.05362791643538789,
        0.04122046794954015,
        0.026848936648033783,
        0.016013098006263826,
        0.010209512149809474,
        0.001170385773819893,
        0.0011653903350954398
    ],
    "pnr_basic_state_p": [
        0.0013531778758852989,
        0.003205111775642786,
        0.00490194325353585,
        0,
        0.003759381466342094,
        0.0022471832425406814,
        0.010752698426605554,
        0.0023640594302057937
    ],
    "pnr_basic_state_inf": [
        0.0710643266778267,
        0.05831045376837851,
        0.04580833943536455,
        1,
        0.01895555030058249,
        0.013416764888573018,
        0.004286179104245669,
        0.004269872146139941
    ],
    "pnr_w_state_p": [
        0.00023353436682503782,
        0,
        0,
        0.004424760299446309,
        0,
        0.008064478155105345,
        0,
        0
    ],
    "pnr_w_state_inf": [
        0.07681473930203364,
        1,
        1,
        0.02596810459797627,
        1,
        0.011939955388338364,
        1,
        1
    ],
    "pnr_bell_sc_distilled_state_p": [
        0,
        0,
        0,
        0.024999842047691345,
        0.010988987409151519,
        0,
        0,
        0
    ],
    "pnr_bell_sc_distilled_state_inf": [
        1,
        1,
        1,
        0.043437003439359634,
        0.02609488750505007,
        1,
        1,
        1
    ],
    "pnr_bell_dc_distilled_state_p": [
        0,
        0,
        0,
        0,
        0,
        0,
        0,
        0.00568179345943711
    ],
    "pnr_bell_dc_distilled_state_inf": [
        1,
        1,
        1,
        1,
        1,
        1,
        1,
        0.004843728637338951
    ]
}