{
  "coherence_times": [
    10,
    50,
    100,
    250,
    500,
    1000,
    2500,
    5000,
    10000,
    25000,
    50000,
    100000
  ],
  "raw_state_p": [
    0.19386221323297953,
    0.19386221323297953,
    0.19386221323297953,
    0.19386221323297953,
    0.19386221323297953,
    0.19386221323297953,
    0.19386221323297953,
    0.19386221323297953,
    0.19386221323297953,
    0.19386221323297953,
    0.19386221323297953,
    0.19386221323297953
  ],
  "raw_state_inf": [
    0.6225560784356567,
    0.6225560784356567,
    0.6225560784356567,
    0.6225560784356567,
    0.6225560784356567,
    0.6225560784356567,
    0.6225560784356567,
    0.6225560784356567,
    0.6225560784356567,
    0.6225560784356567,
    0.6225560784356567,
    0.6225560784356567
  ],
  "dc_state_p": [
    0.0017068909160472075,
    0.0017068909160472075,
    0.0017068909160472075,
    0.0017068909160472075,
    0.0017068909160472075,
    0.0017068909160472075,
    0.0017068909160472075,
    0.0017068909160472075,
    0.0017068909160472075,
    0.0017068909160472075,
    0.0017068909160472075,
    0.0017068909160472075
  ],
  "dc_state_inf": [
    0.06560380743606986,
    0.06560380743606986,
    0.06560380743606986,
    0.06560380743606986,
    0.06560380743606986,
    0.06560380743606986,
    0.06560380743606986,
    0.06560380743606986,
    0.06560380743606986,
    0.06560380743606986,
    0.06560380743606986,
    0.06560380743606986
  ],
  "basic_state_p": [
    0,
    0,
    0.14285672562462942,
    0.07142830746514456,
    0,
    0,
    0,
    0.049999797344207765,
    0,
    0,
    0,
    0
  ],
  "basic_state_inf": [
    1.0,
    1.0,
    0.7677770293099778,
    0.7677708872139032,
    1.0,
    1.0,
    1.0,
    0.7677670477547698,
    1.0,
    1.0,
    1.0,
    1.0
  ],
  "w_state_p": [
    0,
    0,
    0,
    0,
    0,
    0,
    0,
    0,
    0,
    0.24999839067459106,
    0.16666606068611145,
    0
  ],
  "w_state_inf": [
    1.0,
    1.0,
    1.0,
    1.0,
    1.0,
    1.0,
    1.0,
    1.0,
    1.0,
    0.5830221505221824,
    0.5830220366302693,
    1.0
  ],
  "bell_sc_distilled_state_p": [
    0.0666664441426595,
    0.24999919533729553,
    0,
    0.11111076010598075,
    0,
    0.06666629314422608,
    0,
    0,
    0.1111106342739529,
    0,
    0,
    0.09999974966049195
  ],
  "bell_sc_distilled_state_inf": [
    0.8248998624412764,
    0.5695053176095005,
    1.0,
    0.82486679478439,
    1.0,
    0.8248658046343972,
    1.0,
    1.0,
    0.5694792054705033,
    1.0,
    1.0,
    0.824865406319562
  ],
  "bell_dc_distilled_state_p": [
    0.07142829895019531,
    0,
    0,
    0,
    0,
    0,
    0.018518462225242897,
    0,
    0,
    0,
    0.09999991059303284,
    0
  ],
  "bell_dc_distilled_state_inf": [
    0.12361736282089231,
    1.0,
    1.0,
    1.0,
    1.0,
    1.0,
    0.9973897428327478,
    1.0,
    1.0,
    1.0,
    0.9973906106910904,
    1.0
  ],
  "pnr_raw_state_p": [
    0.13382495551394682,
    0.13382495551394682,
    0.13382495551394682,
    0.13382495551394682,
    0.13382495551394682,
    0.13382495551394682,
    0.13382495551394682,
    0.13382495551394682,
    0.13382495551394682,
    0.13382495551394682,
    0.13382495551394682,
    0.13382495551394682
  ],
  "pnr_raw_state_inf": [
    0.5457173612240377,
    0.5457173612240377,
    0.5457173612240377,
    0.5457173612240377,
    0.5457173612240377,
    0.5457173612240377,
    0.5457173612240377,
    0.5457173612240377,
    0.5457173612240377,
    0.5457173612240377,
    0.5457173612240377,
    0.5457173612240377
  ],
  "pnr_dc_state_p": [
    0.0017068909160472075,
    0.0017068909160472075,
    0.0017068909160472075,
    0.0017068909160472075,
    0.0017068909160472075,
    0.0017068909160472075,
    0.0017068909160472075,
    0.0017068909160472075,
    0.0017068909160472075,
    0.0017068909160472075,
    0.0017068909160472075,
    0.0017068909160472075
  ],
  "pnr_dc_state_inf": [
    0.06560380743606986,
    0.06560380743606986,
    0.06560380743606986,
    0.06560380743606986,
    0.06560380743606986,
    0.06560380743606986,
    0.06560380743606986,
    0.06560380743606986,
    0.06560380743606986,
    0.06560380743606986,
    0.06560380743606986,
    0.06560380743606986
  ],
  "pnr_basic_state_p": [
    0,
    0,
    0,
    0,
    0.03225792031134329,
    0,
    0,
    0,
    0,
    0,
    0,
    0
  ],
  "pnr_basic_state_inf": [
    1.0,
    1.0,
    1.0,
    1.0,
    0.627231858088452,
    1.0,
    1.0,
    1.0,
    1.0,
    1.0,
    1.0,
    1.0
  ],
  "pnr_w_state_p": [
    0,
    0,
    0,
    0,
    0,
    0,
    0,
    0.19999840259552004,
    0,
    0,
    0,
    0.052631378173828125
  ],
  "pnr_w_state_inf": [
    1.0,
    1.0,
    1.0,
    1.0,
    1.0,
    1.0,
    1.0,
    0.5314902554443973,
    1.0,
    1.0,
    1.0,
    0.53148961938282
  ],
  "pnr_bell_sc_distilled_state_p": [
    0,
    0,
    0,
    0,
    0,
    0,
    0.12499964982271194,
    0.16666577259699503,
    0,
    0.06249975040555,
    0.08333318432172139,
    0.0526314566009923
  ],
  "pnr_bell_sc_distilled_state_inf": [
    1.0,
    1.0,
    1.0,
    1.0,
    1.0,
    1.0,
    0.5694796374675378,
    0.8248654700321639,
    1.0,
    0.5694792055782196,
    0.8248654089705678,
    0.5694790498834845
  ],
  "pnr_bell_dc_distilled_state_p": [
    0,
    0.047618857451847615,
    0,
    0,
    0,
    0,
    0,
    0.04761874959582374,
    0.04761887732006254,
    0,
    0,
    0
  ],
  "pnr_bell_dc_distilled_state_inf": [
    1.0,
    0.9973479328554192,
    1.0,
    1.0,
    1.0,
    1.0,
    1.0,
    0.12258700454025784,
    0.12258607062653759,
    1.0,
    1.0,
    1.0
  ]
}