{
    "raw": {
        "p": [
            7.828005068829346e-05,
            0.00024953212519277266,
            0.00031161668601269535,
            0.000447862518515925,
            0.0005251086721333592,
            0.0006084129973863703,
            0.00069775751200177,
            0.0007931242398528005,
            0.0008944952109591326,
            0.0010018524614868705,
            0.0011151780337485466,
            0.0012344539762031252
        ],
        "inf": [
            0.09578573786834788,
            0.09406855229853694,
            0.09360731765389207,
            0.0927320695721956,
            0.09229361071486708,
            0.09185459447147881,
            0.09141502043070071,
            0.09097488846533563,
            0.0905341989612427,
            0.0900929530558724,
            0.08965115352645103,
            0.08920880694361921
        ],
        "pnr_p": [
            7.787165390625002e-05,
            0.0002472026943380406,
            0.00030836396250000003,
            0.0004422518006400001,
            0.00051798148754625,
            0.00059951924634,
            0.0006868283414062501,
            0.0007798721126400003,
            0.0008786139754462499,
            0.0009830174207400002,
            0.00109304601494625,
            0.0012086634000000001
        ],
        "pnr_inf": [
            0.0934180705459089,
            0.08981077221407485,
            0.08884005993216071,
            0.08699592597307249,
            0.08607107051217033,
            0.08514435124097919,
            0.08421576573586909,
            0.08328531322631649,
            0.0823529963470977,
            0.08141882564295566,
            0.08048283734615169,
            0.07954546754018876
        ]
    },
    "dc_state": {
        "p": [
            1.0225133324191609e-06,
            1.046763739259844e-05,
            1.6356992169121296e-05,
            3.3915187333391715e-05,
            4.6711685666654877e-05,
            6.282712220260567e-05,
            8.279096684853138e-05,
            0.00010717185354340399,
            0.00013657757253074677,
            0.000171655062631803,
            0.0002130904035190059,
            0.0002616088079897518
        ],
        "inf": [
            0.06565671419267216,
            0.06558494623664601,
            0.06556572869607868,
            0.0655293298531765,
            0.06551112947033899,
            0.06549292845850563,
            0.0654747268538809,
            0.06545652462667706,
            0.0654383218400495,
            0.06542011849264928,
            0.06540191462208855,
            0.06538371026308176
        ],
        "pnr_p": [
            1.0222939518225015e-06,
            1.0463620377101839e-05,
            1.63499741135674e-05,
            3.389772627899341e-05,
            4.668563284832627e-05,
            6.278938655211262e-05,
            8.27376896145719e-05,
            0.00010709829061709983,
            0.0001364779683887088,
            0.00017152251589982843,
            0.0002129167241594645,
            0.00026138436611571866
        ],
        "pnr_inf": [
            0.06555756602121132,
            0.06540757966972288,
            0.06536741853845685,
            0.06529135414150034,
            0.06525332170632914,
            0.06521528964322709,
            0.065177258662237,
            0.06513922964716357,
            0.06510120435309519,
            0.06506318596358873,
            0.06502518283313607,
            0.06498728239825291
        ]
    },
    "basic_state": {
        "p": [
            8.538222866631596e-05,
            0.0010604398248051537,
            0.00021739021591518236,
            0.000349039328243928,
            0.00025693597492186656,
            0.00017686532418298602,
            0,
            0.0008756517320088455,
            0,
            0,
            0,
            0.0035335507915213757
        ],
        "inf": [
            0.08001374744495915,
            0.07049822973723607,
            0.0772407568548108,
            0.07099322990694956,
            0.07221184334462105,
            0.07921710457726605,
            1,
            0.07088249513870715,
            1,
            1,
            1,
            0.0700413332305233
        ],
        "pnr_p": [
            4.31291919041264e-05,
            0,
            0,
            0,
            0,
            0.00026680670654760994,
            0.00046598139146945236,
            0.0012515575178573665,
            0.0006038635825189416,
            0.000165836530340647,
            0.0012077229898332974,
            0.0008424571209227024
        ],
        "pnr_inf": [
            0.084664699730719,
            1,
            1,
            1,
            1,
            0.07135518777069594,
            0.06996153119579074,
            0.0707646168920324,
            0.0700260448763923,
            0.07325280636792608,
            0.07064368067163129,
            0.07036917282679833
        ]
    },
    "w_state": {
        "p": [
            0,
            0,
            0,
            0,
            0,
            0,
            0.0004192851874313514,
            0,
            0,
            0,
            0,
            0
        ],
        "inf": [
            1,
            1,
            1,
            1,
            1,
            1,
            0.04941421582145522,
            1,
            1,
            1,
            1,
            1
        ],
        "pnr_p": [
            0,
            0,
            0.0004438495191530921,
            0,
            0.0009208022999280505,
            0.00010038061186004131,
            0.0005467440861701443,
            0.00039509830150807716,
            0.000964315096230723,
            0.00036126870468172723,
            0.0033222480469763875,
            0.0005851326943001878
        ],
        "pnr_inf": [
            1,
            1,
            0.05365844963366584,
            1,
            0.049761529740836696,
            0.0484495739909796,
            0.04718452938051043,
            0.045819412910181656,
            0.04450110124938045,
            0.04321815088845715,
            0.041854706171574496,
            0.04054067386954163
        ]
    },
    "bell_sc_distilled_state": {
        "p": [
            0,
            0.000181817965074019,
            0,
            0.009345760412305315,
            0,
            0.0035971085802256634,
            0,
            0,
            0,
            0,
            0,
            0.0021186375011832026
        ],
        "inf": [
            1,
            0.11541405820739503,
            1,
            0.11531501971908131,
            1,
            0.11530294915436201,
            1,
            1,
            1,
            1,
            1,
            0.11520227518233284
        ],
        "pnr_p": [
            4.4953659642383096e-05,
            0,
            0.00048709028938951227,
            0.0007107312914828671,
            0.0006531645160029715,
            0.0004840256630047247,
            0,
            0.0006393844742909112,
            0,
            0.000709721092808915,
            0.0005970110110382536,
            0
        ],
        "pnr_inf": [
            0.13263885375298656,
            1,
            0.13243925267155632,
            0.13234171975482656,
            0.13235046709349563,
            0.13232364379921369,
            1,
            0.13227154445162848,
            1,
            0.1322153624856005,
            0.13219131523405414,
            1
        ]
    },
    "bell_dc_distilled_state": {
        "p": [
            0,
            0,
            0,
            0.00024049966710298437,
            0.00026752213350013333,
            0.002375292098437239,
            0,
            0.004132224015953127,
            0.004545445333827626,
            0,
            0.002832848357073646,
            0
        ],