{
  "coherence_times": [
    10,
    50,
    100,
    250,
    500,
    1000,
    2500,
    5000,
    10000,
    25000,
    50000,
    100000
  ],
  "raw_state_p": [
    0.19386221323297953,
    0.19386221323297953,
    0.19386221323297953,
    0.19386221323297953,
    0.19386221323297953,
    0.19386221323297953,
    0.19386221323297953,
    0.19386221323297953,
    0.19386221323297953,
    0.19386221323297953,
    0.19386221323297953,
    0.19386221323297953
  ],
  "raw_state_inf": [
    0.6225560784356567,
    0.6225560784356567,
    0.6225560784356567,
    0.6225560784356567,
    0.6225560784356567,
    0.6225560784356567,
    0.6225560784356567,
    0.6225560784356567,
    0.6225560784356567,
    0.6225560784356567,
    0.6225560784356567,
    0.6225560784356567
  ],
  "dc_state_p": [
    0.0017068909160472075,
    0.0017068909160472075,
    0.0017068909160472075,
    0.0017068909160472075,
    0.0017068909160472075,
    0.0017068909160472075,
    0.0017068909160472075,
    0.0017068909160472075,
    0.0017068909160472075,
    0.0017068909160472075,
    0.0017068909160472075,
    0.0017068909160472075
  ],
  "dc_state_inf": [
    0.06560380743606986,
    0.06560380743606986,
    0.06560380743606986,
    0.06560380743606986,
    0.06560380743606986,
    0.06560380743606986,
    0.06560380743606986,
    0.06560380743606986,
    0.06560380743606986,
    0.06560380743606986,
    0.06560380743606986,
    0.06560380743606986
  ],
  "basic_state_p": [
    0,
    0,
    0,
    0,
    0.2499983012676239,
    0.24999842047691345,
    0,
    0,
    0,
    0,
    0,
    0.05882339968400843
  ],
  "basic_state_inf": [
    1.0,
    1.0,
    1.0,
    1.0,
    0.7677689174215928,
    0.7677678813953399,
    1.0,
    1.0,
    1.0,
    1.0,
    1.0,
    0.7677668654195386
  ],
  "w_state_p": [
    0,
    0,
    0,
    0,
    0,
    0,
    0,
    0,
    0,
    0,
    0,
    0
  ],
  "w_state_inf": [
    1,
    1,
    1,
    1,
    1,
    1,
    1,
    1,
    1,
    1,
    1,
    1
  ],
  "bell_sc_distilled_state_p": [
    0.1428567511694772,
    0,
    0.1666659911473592,
    0,
    0,
    0.19999887943267824,
    0,
    0,
    0.0999996304512024,
    0.1666659414768219,
    0,
    0
  ],
  "bell_sc_distilled_state_inf": [
    0.8248996180551404,
    1.0,
    0.824868841668585,
    1.0,
    1.0,
    0.8248658046343972,
    1.0,
    1.0,
    0.569479274674096,
    0.8248654382105305,
    1.0,
    1.0
  ],
  "bell_dc_distilled_state_p": [
    0,
    0,
    0,
    0,
    0,
    0,
    0,
    0,
    0,
    0.043478102787681244,
    0,
    0
  ],
  "bell_dc_distilled_state_inf": [
    1.0,
    1.0,
    1.0,
    1.0,
    1.0,
    1.0,
    1.0,
    1.0,
    1.0,
    0.9973905677281039,
    1.0,
    1.0
  ],
  "pnr_raw_state_p": [
    0.13382495551394682,
    0.13382495551394682,
    0.13382495551394682,
    0.13382495551394682,
    0.13382495551394682,
    0.13382495551394682,
    0.13382495551394682,
    0.13382495551394682,
    0.13382495551394682,
    0.13382495551394682,
    0.13382495551394682,
    0.13382495551394682
  ],
  "pnr_raw_state_inf": [
    0.5457173612240377,
    0.5457173612240377,
    0.5457173612240377,
    0.5457173612240377,
    0.5457173612240377,
    0.5457173612240377,
    0.5457173612240377,
    0.5457173612240377,
    0.5457173612240377,
    0.5457173612240377,
    0.5457173612240377,
    0.5457173612240377
  ],
  "pnr_dc_state_p": [
    0.0017068909160472075,
    0.0017068909160472075,
    0.0017068909160472075,
    0.0017068909160472075,
    0.0017068909160472075,
    0.0017068909160472075,
    0.0017068909160472075,
    0.0017068909160472075,
    0.0017068909160472075,
    0.0017068909160472075,
    0.0017068909160472075,
    0.0017068909160472075
  ],
  "pnr_dc_state_inf": [
    0.06560380743606986,
    0.06560380743606986,
    0.06560380743606986,
    0.06560380743606986,
    0.06560380743606986,
    0.06560380743606986,
    0.06560380743606986,
    0.06560380743606986,
    0.06560380743606986,
    0.06560380743606986,
    0.06560380743606986,
    0.06560380743606986
  ],
  "pnr_basic_state_p": [
    0,
    0,
    0,
    0,
    0,
    0,
    0.1666662295659383,
    0.04347805873207424,
    0,
    0.0454543720592152,
    0,
    0
  ],
  "pnr_basic_state_inf": [
    1.0,
    1.0,
    1.0,
    1.0,
    1.0,
    1.0,
    0.07283898796333421,
    0.6272273572648424,
    1.0,
    0.6272270126144235,
    1.0,
    1.0
  ],
  "pnr_w_state_p": [
    0,
    0.1249990463256836,
    0.05555511183208889,
    0,
    0,
    0,
    0,
    0.07692244419684777,
    0,
    0,
    0,
    0
  ],
  "pnr_w_state_inf": [
    1.0,
    0.5315450783189496,
    0.5315171929315345,
    1.0,
    1.0,
    1.0,
    1.0,
    0.5314902793013117,
    1.0,
    1.0,
    1.0,
    1.0
  ],
  "pnr_bell_sc_distilled_state_p": [
    0.06249987334012985,
    0.12499934434890747,
    0,
    0.09090877663005482,
    0.1666659116744995,
    0,
    0.06666637261708577,
    0.12499921768903732,
    0,
    0,
    0.07692295771378738,
    0.09090885790911588
  ],
  "pnr_bell_sc_distilled_state_inf": [
    0.8248997641856745,
    0.8248717507557086,
    1.0,
    0.5694850986256843,
    0.5694821434728093,
    1.0,
    0.5694797585932228,
    0.569479482139391,
    1.0,
    1.0,
    0.5694792748445077,
    0.5694792748667686
  ],
  "pnr_bell_dc_distilled_state_p": [
    0,
    0,
    0.04999974966049195,
    0,
    0.07692272846515362,
    0,
    0,
    0,
    0,
    0,
    0,
    0
  ],
  "pnr_bell_dc_distilled_state_inf": [
    1.0,
    1.0,
    0.12268662633035154,
    1.0,
    0.12260564085864267,
    1.0,
    1.0,
    1.0,
    1.0,
    1.0,
    1.0,
    1.0
  ]
}