{
  "iterations": [
    1,
    2,
    3,
    4
  ],
  "success_probabilities": [
    0.0019143683351330715,
    0.000840801711727855,
    0.0010852671923179274,
    0.002406768818324419
  ],
  "success_prob_std": [
    0.004008165014121853,
    0.0005873617665675787,
    0.0005430219639039469,
    0.003211539696481161
  ],
  "infidelities": [
    0.2581646583230328,
    0.1646923804006088,
    0.07230881007978567,
    0.0726156082060261
  ],
  "infidelity_std": [
    0.3709192881810878,
    0.27843937932409,
    0.0012187318044915687,
    0.0011189167378741864
  ]
}