{
  "iterations": [
    1,
    2,
    3,
    4
  ],
  "success_probabilities": [
    0.0012861258717180096,
    0.0009629041178861753,
    0.0013297228912162863,
    0.0010128126493412896
  ],
  "success_prob_std": [
    0.0009563700572562692,
    0.0005234656997533102,
    0.0006905465156636342,
    0.0006248682750072865
  ],
  "infidelities": [
    0.34989610262842835,
    0.25744740921158477,
    0.07169961117981978,
    0.16541934338076128
  ],
  "infidelity_std": [
    0.42559330681224833,
    0.37127812165856855,
    0.0008909070931597108,
    0.27819617633007504
  ]
}