{
  "coherence_times": [
    10,
    50,
    100,
    250,
    500,
    1000,
    2500,
    5000,
    10000,
    25000,
    50000,
    100000
  ],
  "raw_state_p": [
    0.001540796087300688,
    0.001540796087300688,
    0.001540796087300688,
    0.001540796087300688,
    0.001540796087300688,
    0.001540796087300688,
    0.001540796087300688,
    0.001540796087300688,
    0.001540796087300688,
    0.001540796087300688,
    0.001540796087300688,
    0.001540796087300688
  ],
  "raw_state_inf": [
    0.11606803668413468,
    0.11606803668413468,
    0.11606803668413468,
    0.11606803668413468,
    0.11606803668413468,
    0.11606803668413468,
    0.11606803668413468,
    0.11606803668413468,
    0.11606803668413468,
    0.11606803668413468,
    0.11606803668413468,
    0.11606803668413468
  ],
  "dc_state_p": [
    0.0017068909160472075,
    0.0017068909160472075,
    0.0017068909160472075,
    0.0017068909160472075,
    0.0017068909160472075,
    0.0017068909160472075,
    0.0017068909160472075,
    0.0017068909160472075,
    0.0017068909160472075,
    0.0017068909160472075,
    0.0017068909160472075,
    0.0017068909160472075
  ],
  "dc_state_inf": [
    0.06560380743606986,
    0.06560380743606986,
    0.06560380743606986,
    0.06560380743606986,
    0.06560380743606986,
    0.06560380743606986,
    0.06560380743606986,
    0.06560380743606986,
    0.06560380743606986,
    0.06560380743606986,
    0.06560380743606986,
    0.06560380743606986
  ],
  "basic_state_p": [
    0.003864989733765481,
    0.0011408636113380958,
    0.0009567316402495068,
    0.0010449736422429314,
    0.0009868981587378063,
    0.0029347402529124266,
    0.0009512322329158657,
    0.0018946724402491778,
    0.00141890748801666,
    0.0009491388265525468,
    0.0012156339360357084,
    0.0017752779708252672
  ],
  "basic_state_inf": [
    0.07096578552485588,
    0.07046281048727487,
    0.07023144132223025,
    0.07057010966781663,
    0.06951964301337821,
    0.0708526124260721,
    0.07034024955707274,
    0.0697882822087792,
    0.0701984845797885,
    0.07083784003030813,
    0.07005962386958109,
    0.06995665407205653
  ],
  "w_state_p": [
    0.015384379137997643,
    0.005019909598903537,
    0.004014053585506035,
    0.004131710279158679,
    0.004878761647868782,
    0.006831685453663837,
    0.0015294993872512952,
    0.002386613791199459,
    0.0057186081213477635,
    0.017911500746936888,
    0.01897899766301,
    0.0341116438815999
  ],
  "w_state_inf": [
    0.08019633755913091,
    0.07934841125378422,
    0.07924187045471687,
    0.07917902088691942,
    0.07915824909149494,
    0.07914768269353745,
    0.07914126902331775,
    0.07913940578465772,
    0.07913797386803978,
    0.07913753841992788,
    0.07913718595951502,
    0.07913709213567621
  ],
  "bell_sc_distilled_state_p": [
    0.002666812806240074,
    0.010833140976660823,
    0.0024644193414988273,
    0.0032516056107580026,
    0.004131623148251125,
    0.002791281057804319,
    0.0008816577542863933,
    0.0011605747731025635,
    0.005037173714983131,
    0.004722115854832097,
    0.0033326681045613023,
    0.0031070857423769736
  ],
  "bell_sc_distilled_state_inf": [
    0.09038466375594045,
    0.09164543312856122,
    0.09135086897619893,
    0.25574561840898524,
    0.09050182838647891,
    0.2391268372284132,
    0.09128756141688832,
    0.4600805009806205,
    0.09128546916303337,
    0.09151284752798872,
    0.3366169172348257,
    0.09048784384668807
  ],
  "bell_dc_distilled_state_p": [
    0.001008062353057246,
    0.007064320628572945,
    0.0036722974187107056,
    0.003986234908599676,
    0.007185386245778324,
    0.0035785585703927126,
    0.002225486464670263,
    0.010144864044327667,
    0.006127840432247237,
    0.0028343959649365217,
    0.0034891107532250593,
    0.001801078423583689
  ],
  "bell_dc_distilled_state_inf": [
    0.11553906435653216,
    0.11501116528365585,
    0.11495006273800135,
    0.11493425205103758,
    0.11493525008012995,
    0.11489931950657517,
    0.11491249969808104,
    0.11491165405495496,
    0.26033374918898256,
    0.11489738533141125,
    0.11491580585976258,
    0.11489699535590236
  ],
  "pnr_raw_state_p": [
    0.001504784249654959,
    0.001504784249654959,
    0.001504784249654959,
    0.001504784249654959,
    0.001504784249654959,
    0.001504784249654959,
    0.001504784249654959,
    0.001504784249654959,
    0.001504784249654959,
    0.001504784249654959,
    0.001504784249654959,
    0.001504784249654959
  ],
  "pnr_raw_state_inf": [
    0.10555459319277882,
    0.10555459319277882,
    0.10555459319277882,
    0.10555459319277882,
    0.10555459319277882,
    0.10555459319277882,
    0.10555459319277882,
    0.10555459319277882,
    0.10555459319277882,
    0.10555459319277882,
    0.10555459319277882,
    0.10555459319277882
  ],
  "pnr_dc_state_p": [
    0.0017068909160472075,
    0.0017068909160472075,
    0.0017068909160472075,
    0.0017068909160472075,
    0.0017068909160472075,
    0.0017068909160472075,
    0.0017068909160472075,
    0.0017068909160472075,
    0.0017068909160472075,
    0.0017068909160472075,
    0.0017068909160472075,
    0.0017068909160472075
  ],
  "pnr_dc_state_inf": [
    0.06560380743606986,
    0.06560380743606986,
    0.06560380743606986,
    0.06560380743606986,
    0.06560380743606986,
    0.06560380743606986,
    0.06560380743606986,
    0.06560380743606986,
    0.06560380743606986,
    0.06560380743606986,
    0.06560380743606986,
    0.06560380743606986
  ],
  "pnr_basic_state_p": [
    0.0019042404905006026,
    0.0016628498563206612,
    0.0012714955532746259,
    0.0018062242716430084,
    0.0008445768060464491,
    0.001259098186870475,
    0.0013506002733288437,
    0.0008780268757493339,
    0.0036349703642886053,
    0.0015621274559040547,
    0.0013538106459252102,
    0.0015752166925229079
  ],
  "pnr_basic_state_inf": [
    0.07156497891772295,
    0.06992515570301971,
    0.0698750979064483,
    0.06983358868640688,
    0.06958664091694411,
    0.06956760570151188,
    0.06974192659244749,
    0.06960245110753882,
    0.0696680512700022,
    0.06972022352812735,
    0.06990423618698649,
    0.06950806207339444
  ],
  "pnr_w_state_p": [
    0.00773603749392929,
    0.0029325327915180463,
    0.009475433583630496,
    0.012986920096657494,
    0.02683868979482915,
    0.0067339924813354145,
    0.007718965176354062,
    0.022014941852148372,
    0.006158211027913073,
    0.007279481006122269,
    0.0019158382267329306,
    0.005086685494616047
  ],
  "pnr_w_state_inf": [
    0.07683287631125102,
    0.07598412699930734,
    0.07587618168668009,
    0.07581356216400836,
    0.07579145019742484,
    0.07578073562306331,
    0.0757743789533386,
    0.07577232836458714,
    0.07577103348494474,
    0.07577048864770464,
    0.0757701291460473,
    0.07577006414358944
  ],
  "pnr_bell_sc_distilled_state_p": [
    0.006681563484147578,
    0.0019493408610979505,
    0.002504958566261237,
    0.0053293070178150985,
    0.0011948765832347353,
    0.004431059462603443,
    0.0015023068915593879,
    0.0031777978819024695,
    0.0025911039960248776,
    0.0049341802244462565,
    0.0046578220316449035,
    0.0025295281637082554
  ],
  "pnr_bell_sc_distilled_state_inf": [
    0.0927780624054454,
    0.09142862702689725,
    0.09135467111745577,
    0.09051507236925671,
    0.09129907925607927,
    0.09129161163609234,
    0.08969394971308686,
    0.0907551775378378,
    0.19779385775316527,
    0.0920820871982696,
    0.33767947504107687,
    0.2764792273611488
  ],
  "pnr_bell_dc_distilled_state_p": [
    0.006242028973565489,
    0.004522894147992851,
    0.0034738336287854165,
    0.002513326731261879,
    0.0024867987272326466,
    0.003560475310577694,
    0.00439716340130832,
    0.0036421436261016176,
    0.0025890472134044496,
    0.0019925614898926073,
    0.0034937796255186857,
    0.0025890401825018846
  ],