{
  "coherence_times": [
    10,
    50,
    100,
    250,
    500,
    1000,
    2500,
    5000,
    10000,
    25000,
    50000,
    100000
  ],
  "raw_state_p": [
    0.19386221323297953,
    0.19386221323297953,
    0.19386221323297953,
    0.19386221323297953,
    0.19386221323297953,
    0.19386221323297953,
    0.19386221323297953,
    0.19386221323297953,
    0.19386221323297953,
    0.19386221323297953,
    0.19386221323297953,
    0.19386221323297953
  ],
  "raw_state_inf": [
    0.6225560784356567,
    0.6225560784356567,
    0.6225560784356567,
    0.6225560784356567,
    0.6225560784356567,
    0.6225560784356567,
    0.6225560784356567,
    0.6225560784356567,
    0.6225560784356567,
    0.6225560784356567,
    0.6225560784356567,
    0.6225560784356567
  ],
  "dc_state_p": [
    0.0017068909160472075,
    0.0017068909160472075,
    0.0017068909160472075,
    0.0017068909160472075,
    0.0017068909160472075,
    0.0017068909160472075,
    0.0017068909160472075,
    0.0017068909160472075,
    0.0017068909160472075,
    0.0017068909160472075,
    0.0017068909160472075,
    0.0017068909160472075
  ],
  "dc_state_inf": [
    0.06560380743606986,
    0.06560380743606986,
    0.06560380743606986,
    0.06560380743606986,
    0.06560380743606986,
    0.06560380743606986,
    0.06560380743606986,
    0.06560380743606986,
    0.06560380743606986,
    0.06560380743606986,
    0.06560380743606986,
    0.06560380743606986
  ],
  "basic_state_p": [
    0,
    0,
    0.06249970942735672,
    0,
    0,
    0,
    0,
    0,
    0.11111078659693399,
    0,
    0,
    0
  ],
  "basic_state_inf": [
    1.0,
    1.0,
    0.7677773118913285,
    1.0,
    1.0,
    1.0,
    1.0,
    1.0,
    0.7677669555933382,
    1.0,
    1.0,
    1.0
  ],
  "w_state_p": [
    0.12499938905239105,
    0,
    0,
    0,
    0,
    0.14285572937556676,
    0,
    0,
    0,
    0,
    0,
    0
  ],
  "w_state_inf": [
    0.5832421750144292,
    1.0,
    1.0,
    1.0,
    1.0,
    0.5830241613638755,
    1.0,
    1.0,
    1.0,
    1.0,
    1.0,
    1.0
  ],
  "bell_sc_distilled_state_p": [
    0,
    0,
    0.166666179895401,
    0,
    0.11111080646514893,
    0,
    0,
    0,
    0,
    0,
    0.19999972581863404,
    0
  ],
  "bell_sc_distilled_state_inf": [
    1.0,
    1.0,
    0.8248688363616763,
    1.0,
    0.5694822645797404,
    1.0,
    1.0,
    1.0,
    1.0,
    1.0,
    0.8248653930135131,
    1.0
  ],
  "bell_dc_distilled_state_p": [
    0.05555540323257446,
    0.03448261885807432,
    0.06666641235351563,
    0,
    0,
    0,
    0,
    0.08333290616671243,
    0,
    0.021739064351372097,
    0.052631531891069915,
    0.08333313961823781
  ],
  "bell_dc_distilled_state_inf": [
    0.9971772032928445,
    0.9973479740869531,
    0.12268745849083651,
    1.0,
    1.0,
    1.0,
    1.0,
    0.9973902385638836,
    1.0,
    0.12258530648785282,
    0.997390609814513,
    0.997390631762629
  ],
  "pnr_raw_state_p": [
    0.13382495551394682,
    0.13382495551394682,
    0.13382495551394682,
    0.13382495551394682,
    0.13382495551394682,
    0.13382495551394682,
    0.13382495551394682,
    0.13382495551394682,
    0.13382495551394682,
    0.13382495551394682,
    0.13382495551394682,
    0.13382495551394682
  ],
  "pnr_raw_state_inf": [
    0.5457173612240377,
    0.5457173612240377,
    0.5457173612240377,
    0.5457173612240377,
    0.5457173612240377,
    0.5457173612240377,
    0.5457173612240377,
    0.5457173612240377,
    0.5457173612240377,
    0.5457173612240377,
    0.5457173612240377,
    0.5457173612240377
  ],
  "pnr_dc_state_p": [
    0.0017068909160472075,
    0.0017068909160472075,
    0.0017068909160472075,
    0.0017068909160472075,
    0.0017068909160472075,
    0.0017068909160472075,
    0.0017068909160472075,
    0.0017068909160472075,
    0.0017068909160472075,
    0.0017068909160472075,
    0.0017068909160472075,
    0.0017068909160472075
  ],
  "pnr_dc_state_inf": [
    0.06560380743606986,
    0.06560380743606986,
    0.06560380743606986,
    0.06560380743606986,
    0.06560380743606986,
    0.06560380743606986,
    0.06560380743606986,
    0.06560380743606986,
    0.06560380743606986,
    0.06560380743606986,
    0.06560380743606986,
    0.06560380743606986
  ],
  "pnr_basic_state_p": [
    0.12499949336051941,
    0.07142824786049978,
    0,
    0,
    0,
    0,
    0,
    0,
    0,
    0,
    0,
    0
  ],
  "pnr_basic_state_inf": [
    0.07379719892846492,
    0.6272764445967318,
    1.0,
    1.0,
    1.0,
    1.0,
    1.0,
    1.0,
    1.0,
    1.0,
    1.0,
    1.0
  ],
  "pnr_w_state_p": [
    0,
    0,
    0,
    0,
    0,
    0,
    0,
    0,
    0,
    0,
    0,
    0
  ],
  "pnr_w_state_inf": [
    1,
    1,
    1,
    1,
    1,
    1,
    1,
    1,
    1,
    1,
    1,
    1
  ],
  "pnr_bell_sc_distilled_state_p": [
    0,
    0,
    0,
    0,
    0.09090866825797342,
    0,
    0.05555542310078938,
    0,
    0.08333297570546468,
    0.07692274222007164,
    0,
    0
  ],
  "pnr_bell_sc_distilled_state_inf": [
    1.0,
    1.0,
    1.0,
    1.0,
    0.8248660939204399,
    1.0,
    0.8248655337331093,
    1.0,
    0.8248654461574204,
    0.824865438210018,
    1.0,
    1.0
  ],
  "pnr_bell_dc_distilled_state_p": [
    0,
    0,
    0,
    0.12499968707561493,
    0,
    0,
    0,
    0.04761882055373419,
    0.03571420907974243,
    0,
    0.08333325882752736,
    0.11111091242896186
  ],
  "pnr_bell_dc_distilled_state_inf": [
    1.0,
    1.0,
    1.0,
    0.11988743650833367,
    1.0,
    1.0,
    1.0,
    0.11984900200954152,
    0.997390439401824,
    1.0,
    0.9973906107786057,
    0.9973906317631789
  ]
}