{
  "iterations": [
    1,
    2,
    3,
    4
  ],
  "success_probabilities": [
    0.0016035560845336244,
    0.0010248298216631708,
    0.0014350254917539457,
    0.0017000465663990286
  ],
  "success_prob_std": [
    0.0026022796014954757,
    0.00063224767037358,
    0.000512938804712236,
    0.001573948683468041
  ],
  "infidelities": [
    0.4431891514875165,
    0.16481075791500702,
    0.07208518390255582,
    0.07233128528910025
  ],
  "infidelity_std": [
    0.454635391572193,
    0.27839848766801273,
    0.0012989373213269705,
    0.0010962135081863656
  ]
}