{
    "infidelity_bell_sc": [
        [
            1.0,
            1.0,
            1.0,
            0.0916067657435724,
            1.0
        ],
        [
            0.09481254619289947,
            1.0,
            0.12236081256765585,
            0.0914538507554361,
            1.0
        ],
        [
            1.0,
            1.0,
            1.0,
            0.09189345591704567,
            1.0
        ],
        [
            1.0,
            1.0,
            1.0,
            1.0,
            1.0
        ],
        [
            0.09865968665584779,
            1.0,
            1.0,
            0.09320161620945688,
            1.0
        ]
    ],
    "infidelity_basic": [
        [
            1.0,
            0.07032506065048483,
            1.0,
            1.0,
            1.0
        ],
        [
            1.0,
            0.07019394276036361,
            0.08962266014904086,
            1.0,
            1.0
        ],
        [
            1.0,
            1.0,
            0.11309622102378858,
            1.0,
            1.0
        ],
        [
            1.0,
            1.0,
            1.0,
            1.0,
            1.0
        ],
        [
            1.0,
            1.0,
            1.0,
            0.0715182386488562,
            1.0
        ]
    ],
    "infidelity_w": [
        [
            0.04381300642871,
            0.09756846357213123,
            1.0,
            1.0,
            1.0
        ],
        [
            0.06545366311945178,
            1.0,
            1.0,
            1.0,
            1.0
        ],
        [
            1.0,
            1.0,
            1.0,
            1.0,
            1.0
        ],
        [
            0.12958131638969106,
            1.0,
            1.0,
            0.2849569017564748,
            1.0
        ],
        [
            1.0,
            1.0,
            1.0,
            0.3228734576670489,
            1.0
        ]
    ],
    "success_bell_sc": [
        [
            0.0,
            0.0,
            0.0,
            1.8496197180402696e-06,
            0.0
        ],
        [
            0.0003531059976351463,
            0.0,
            0.0090908868746324,
            0.013888837562666997,
            0.0
        ],
        [
            0.0,
            0.0,
            0.0,
            0.019607804569543575,
            0.0
        ],
        [
            0.0,
            0.0,
            0.0,
            0.0,
            0.0
        ],
        [
            0.0003960374794384041,
            0.0,
            0.0,
            0.07142843093190875,
            0.0
        ]
    ],
    "success_basic": [
        [
            0.0,
            9.616285913242754e-07,
            0.0,
            0.0,
            0.0
        ],
        [
            0.0,
            0.001430610730412692,
            0.006249974295496941,
            0.0,
            0.0
        ],
        [
            0.0,
            0.0,
            0.006622500766981516,
            0.0,
            0.0
        ],
        [
            0.0,
            0.0,
            0.0,
            0.0,
            0.0
        ],
        [
            0.0,
            0.0,
            0.0,
            0.027026962589573218,
            0.0
        ]
    ],
    "success_w": [
        [
            1.9382604443819575e-06,
            3.708182900158813e-07,
            0.0,
            0.0,
            0.0
        ],
        [
            0.011363551020622253,
            0.0,
            0.0,
            0.0,
            0.0
        ],
        [
            0.0,
            0.0,
            0.0,
            0.0,
            0.0
        ],
        [
            0.0007692271929520827,
            0.0,
            0.0,
            0.058823273462407726,
            0.0
        ],
        [
            0.0,
            0.0,
            0.0,
            0.11111050181918673,
            0.0
        ]
    ]
}