{
    "raw": {
        "p": [
            6.279013347374761e-05,
            0.0021748653715160577,
            0.007137101384801349,
            0.014750810007258168,
            0.024819110525554865,
            0.03714692967909964,
            0.05154100166004048,
            0.06780986811326518,
            0.08576387813640142,
            0.1052151882798166,
            0.12597776254661802
        ],
        "inf": [
            0.06260692668106105,
            0.10009514390754193,
            0.13836051706038321,
            0.17743509075589547,
            0.2173538999761937,
            0.2581545067726312,
            0.29987714383562225,
            0.3425649420668102,
            0.3862642027598965,
            0.4310247092105074,
            0.4769000803812359
        ],
        "pnr_p": [
            6.24984983060058e-05,
            0.002114631011394012,
            0.0067742306352577275,
            0.013657987021923732,
            0.02240115264009882,
            0.032657542775170044,
            0.044099535529204675,
            0.05641807182095022,
            0.06932265538583439,
            0.08254135277596521,
            0.09582079336013082
        ],
        "pnr_inf": [
            0.06042280317669957,
            0.08736947984421195,
            0.11558559232406052,
            0.145161984057248,
            0.17619921385772297,
            0.2088081430710269,
            0.2431111928059746,
            0.2792438622203015,
            0.3173565105855499,
            0.35761644589867936,
            0.4002103792353515
        ]
    },
    "dc_state": {
        "p": [
            2.8299420383084513e-06,
            9.034243042595091e-05,
            0.0002718110054956638,
            0.0005120140718803788,
            0.0007799716236036175,
            0.0010489452440794911,
            0.0012964381061127018,
            0.0015041949718985392,
            0.0016582021930228869,
            0.0017486877104622154,
            0.0017701210545835832
        ],
        "inf": [
            0.05337806945333168,
            0.05339223897757661,
            0.05340799982742783,
            0.05342563596836447,
            0.05344550332288389,
            0.053468053861707276,
            0.05349387052827648,
            0.053523718313505775,
            0.05355862130656397,
            0.05359998258965948,
            0.05364977742625676
        ],
        "pnr_p": [
            2.82895753631396e-06,
            9.030932837819755e-05,
            0.00027170581319073823,
            0.0005118041176013769,
            0.0007796315381657247,
            0.0010484569623675636,
            0.0012957908686188455,
            0.0015033853262596919,
            0.001657233995558397,
            0.001747572127711423,
            0.0017688765648434033
        ],
        "pnr_inf": [
            0.053214353009495174,
            0.05322435977297335,
            0.05323549056676702,
            0.05324794605247951,
            0.05326197764441154,
            0.05327790472803562,
            0.053296139227403394,
            0.05331722170117503,
            0.05334187587118966,
            0.05337109344361224,
            0.05340627057367098
        ]
    },
    "basic_state": {
        "p": [
            0,
            0.0022830961773928986,
            0.005464465240311753,
            0.010752679199300787,
            0.016949067681522694,
            0,
            0,
            0,
            0,
            0,
            0
        ],
        "inf": [
            1,
            0.059152698164617434,
            0.05641786596997722,
            0.07979523321369375,
            0.05691092139199394,
            1,
            1,
            1,
            1,
            1,
            1
        ],
        "pnr_p": [
            0,
            0,
            0,
            0,
            0.008130086146719088,
            0.032257970302335674,
            0.03703687367615876,
            0,
            0.026315695361087195,
            0,
            0
        ],
        "pnr_inf": [
            1,
            1,
            1,
            1,
            0.07921124829064174,
            0.09571422440230759,
            0.11950610032359554,
            1,
            0.1976755473058629,
            1,
            1
        ]
    },
    "w_state": {
        "p": [
            0,
            0,
            0,
            0.010204064602754553,
            0,
            0.04347818830738897,
            0.06666649580001831,
            0.2499990165233612,
            0,
            0,
            0
        ],
        "inf": [
            1,
            1,
            1,
            0.16149391925781453,
            1,
            0.24331443522273188,
            0.28425828886783977,
            0.3250914119861249,
            1,
            1,
            1
        ],
        "pnr_p": [
            3.0535972058678394e-05,
            0,
            0,
            0,
            0,
            0,
            0.022222106986575656,
            0.11111070050133598,
            0,
            0,
            0
        ],
        "pnr_inf": [
            0.04048325659622942,
            1,
            1,
            1,
            1,
            1,
            0.2636602071725882,
            0.3009308768569432,
            1,
            1,
            1
        ]
    },
    "bell_sc_distilled_state": {
        "p": [
            0,
            0.006849298738453486,
            0.018867794072852943,
            0.024390130508236768,
            0,
            0,
            0,
            0,
            0,
            0.05263135307713559,
            0
        ],
        "inf": [
            1,
            0.07427293587962347,
            0.06994260049968948,
            0.11035305765523384,
            1,
            1,
            1,
            1,
            1,
            0.5078447399467573,
            1
        ],
        "pnr_p": [
            0,
            0.009090896086259322,
            0,
            0.0312498826533556,
            0,
            0.03225795492049186,
            0,
            0,
            0,
            0.1428567852292742,
            0
        ],
        "pnr_inf": [
            1,
            0.0756740047099409,
            1,
            0.09675762628693907,
            1,
            0.1431083673787834,
            1,
            1,
            1,
            0.3655102467699307,
            1
        ]
    },
    "bell_dc_distilled_state": {
        "p": [
            0.0003679165996287657,
            0,
            0,
            0.014492700065391651,
            0,
            0.01666663885116577,
            0,
            0,
            0,
            0,
            0.0399999475479126
        ],
        "inf": [
            0.982941163789292,
            1,
            1,
            0.09288878697277736,
            1,
            0.09315965160461714,
            1,
            1,
            1,
            1,
            0.0952093703264979
        ],
        "pnr_p": [
            0,
            0,
            0,
            0,
            0,
            0,
            0,
            0.027777757909562852,
            0.03448265174339558,
            0,
            0.0416665772596995
        ],
        "pnr_inf": [
            1,
            1,
            1,
            1,
            1,
            1,
            1,
            0.10431560826866115,
            0.10460407313736475,
            1,
            0.9948289220260393
        ]
    }
}