{
    "x_positions": [
        0,
        1,
        2,
        3,
        4,
        5,
        6,
        7
    ],
    "raw_p": [
        0.001540796087300688,
        0.002906688511682002,
        0.0047503558794228015,
        0.005923078837335185,
        0.006516313465501474,
        0.006923683639621851,
        0.006989139271898439,
        0.007127343750000002
    ],
    "raw_inf": [
        0.11606803668413468,
        0.09795989840051433,
        0.07910645669279281,
        0.05972337338856071,
        0.04377516814426219,
        0.040187707787171956,
        0.025730245022576592,
        0.02547749080052497
    ],
    "dc_state_p": [
        0.0017081763898064762,
        0.0064121882433359105,
        0.018100440333870364,
        0.029541769406257887,
        0.03738675242440625,
        0.04233598829129125,
        0.04496854112607119,
        0.04681254167361141
    ],
    "dc_state_inf": [
        0.06586411394176972,
        0.05362791643538789,
        0.04122046794954015,
        0.026848936648033783,
        0.016013098006263826,
        0.010209512149809474,
        0.001170385773819893,
        0.0011653903350954398
    ],
    "basic_state_p": [
        0.0016697925291858677,
        0.002692903448456597,
        0.004761929039805547,
        0.005038417884334086,
        0.005943811040792559,
        0.006843587090856559,
        0.00601886193642738,
        0.007266263738370905
    ],
    "basic_state_inf": [
        0.0719993762455432,
        0.05936141206530832,
        0.046736245436751145,
        0.030580077264370287,
        0.01970246165623868,
        0.013940094443064543,
        0.0049785517507352495,
        0.004901277865971165
    ],
    "w_state_p": [
        0.005312221788467085,
        0.007965028317068967,
        0.011254344615068789,
        0.017016293154646676,
        0.0177126376050029,
        0.019448839255646985,
        0.019093214698329263,
        0.01771028106604494
    ],
    "w_state_inf": [
        0.0802024292246386,
        0.06400772190943904,
        0.04686791056038764,
        0.03224408207382912,
        0.023384000869249966,
        0.01854256255336917,
        0.013155020685512997,
        0.012508466763881287
    ],
    "bell_sc_distilled_state_p": [
        0.004183634588695888,
        0.005451759598004069,
        0.009695320516942404,
        0.012406580657939717,
        0.012700882343102415,
        0.014779495822971445,
        0.015365506587059848,
        0.014965442209574865
    ],
    "bell_sc_distilled_state_inf": [
        0.13886064583267088,
        0.08709286300761654,
        0.07417259487244221,
        0.06968798067764237,
        0.033975413435142654,
        0.031089167303814835,
        0.005199272546552058,
        0.007511977446859497
    ],
    "bell_dc_distilled_state_p": [
        0.004850348230117485,
        0.007229244812446963,
        0.01429617852707662,
        0.013532730029597427,
        0.018206175413805016,
        0.020293332699461385,
        0.02253227365609366,
        0.018009562883877096
    ],
    "bell_dc_distilled_state_inf": [
        0.16095380637590395,
        0.1243957774288712,
        0.1106454358668576,
        0.05954651957813295,
        0.04377620056406728,
        0.040289562567627946,
        0.0052986266515721026,
        0.005291965922715969
    ],
    "pnr_raw_p": [
        0.001504784249654959,
        0.0028131399258696007,
        0.004554399744000002,
        0.005650254802125001,
        0.006202093600072267,
        0.00657921868700985,
        0.006641036925187502,
        0.006768750000000001
    ],
    "pnr_raw_inf": [
        0.10555459319277882,
        0.08308569584770886,
        0.059506108147631576,
        0.03729274196936838,
        0.01985438672518991,
        0.015385153660545603,
        0.000525384121072836,
        -1.5000005681997663e-09
    ],
    "pnr_dc_state_p": [
        0.0017081763898064762,
        0.0064121882433359105,
        0.018100440333870364,
        0.029541769406257887,
        0.03738675242440625,
        0.04233598829129125,
        0.04496854112607119,
        0.04681254167361141
    ],
    "pnr_dc_state_inf": [
        0.06586411394176972,
        0.05362791643538789,
        0.04122046794954015,
        0.026848936648033783,
        0.016013098006263826,
        0.010209512149809474,
        0.001170385773819893,
        0.0011653903350954398
    ],
    "pnr_basic_state_p": [
        0.0015642857240961586,
        0.0024294708059879717,
        0.0049341467812281286,
        0.005155015393383998,
        0.005556703931001789,
        0.006339259201745733,
        0.006898246272008755,
        0.006603043752872766
    ],
    "pnr_basic_state_inf": [
        0.07150962306950792,
        0.05871350040967949,
        0.04608200207512114,
        0.03001513498478814,
        0.019253207932184546,
        0.01346226350932267,
        0.004502990243289817,
        0.004492200048053729
    ],
    "pnr_w_state_p": [
        0.004705123695862706,
        0.008743936650342192,
        0.016509771412133025,
        0.013950333139844093,
        0.015410448968340849,
        0.016555822328534052,
        0.016985708918512296,
        0.020647491329933775
    ],
    "pnr_w_state_inf": [
        0.07683799067178343,
        0.0594558053023877,
        0.041131891020964484,
        0.025979532061043642,
        0.01698415906120554,
        0.011933524204888246,
        0.006705945619061793,
        0.005986977163819351
    ],
    "pnr_bell_sc_distilled_state_p": [
        0.003931711586123708,
        0.007022301383259068,
        0.009970610798508764,
        0.012696809329531772,
        0.013186020536421315,
        0.011177739071004724,
        0.01384189852741855,
        0.01245537112690221
    ],
    "pnr_bell_sc_distilled_state_inf": [
        0.15137705496096254,
        0.12151939499888531,
        0.08339142253357257,
        0.051048002284642346,
        0.033874580200973226,
        0.041022839794326416,
        0.00420936879514211,
        0.0042061158840197566
    ],
    "pnr_bell_dc_distilled_state_p": [
        0.006131700893800143,
        0.009298761050418942,
        0.01547211821436309,
        0.018612008121704163,
        0.01793787252255641,
        0.020209119985251243,
        0.017945662182452925,
        0.02030103385758148
    ],
    "pnr_bell_dc_distilled_state_inf": [
        0.17739721491081062,
        0.13330347078206584,
        0.11513147896891862,
        0.07117250003441977,
        0.04678174832182125,
        0.03466506478302078,
        0.004840959460893024,
        0.004831815519662497
    ]
}